tile_id,split,source_strip,bbox_west,bbox_south,bbox_east,bbox_north,orientation_flag,look_azimuth_deg,incidence_deg,flipped,frac_nominal,frac_active,frac_passive,frac_shadow,frac_layover,path
20190804111224_20190804111453_00256_20736,train,20190804111224_20190804111453,597501.4837528648,5749714.311398174,597629.4837528648,5749842.311398174,1,180.0,33.6155957963679,True,0.72357177734375,0.136962890625,0.0968017578125,0.04266357421875,0.2337646484375,train/20190804111224_20190804111453_00256_20736.npz
20190804111224_20190804111453_00256_20992,train,20190804111224_20190804111453,597565.4837528648,5749714.311398174,597693.4837528648,5749842.311398174,1,180.0,33.6155957963679,True,0.78326416015625,0.10186767578125,0.08056640625,0.0343017578125,0.18243408203125,train/20190804111224_20190804111453_00256_20992.npz
20190804111224_20190804111453_00256_21248,train,20190804111224_20190804111453,597629.4837528648,5749714.311398174,597757.4837528648,5749842.311398174,1,180.0,33.6155957963679,True,0.84466552734375,0.075927734375,0.059326171875,0.02008056640625,0.13525390625,train/20190804111224_20190804111453_00256_21248.npz
20190804111224_20190804111453_00256_22784,train,20190804111224_20190804111453,598013.4837528648,5749714.311398174,598141.4837528648,5749842.311398174,1,180.0,33.6155957963679,True,0.672119140625,0.1651611328125,0.082275390625,0.0804443359375,0.2474365234375,train/20190804111224_20190804111453_00256_22784.npz
20190804111224_20190804111453_00256_25600,train,20190804111224_20190804111453,598717.4837528648,5749714.311398174,598845.4837528648,5749842.311398174,1,180.0,33.6155957963679,True,0.5504150390625,0.22021484375,0.11895751953125,0.11041259765625,0.33917236328125,train/20190804111224_20190804111453_00256_25600.npz
20190804111224_20190804111453_00256_25856,train,20190804111224_20190804111453,598781.4837528648,5749714.311398174,598909.4837528648,5749842.311398174,1,180.0,33.6155957963679,True,0.56658935546875,0.21051025390625,0.12567138671875,0.09722900390625,0.336181640625,train/20190804111224_20190804111453_00256_25856.npz
20190804111224_20190804111453_00256_29184,train,20190804111224_20190804111453,599613.4837528648,5749714.311398174,599741.4837528648,5749842.311398174,1,180.0,33.6155957963679,True,0.69158935546875,0.161376953125,0.11016845703125,0.036865234375,0.27154541015625,train/20190804111224_20190804111453_00256_29184.npz
20190804111224_20190804111453_00256_29440,train,20190804111224_20190804111453,599677.4837528648,5749714.311398174,599805.4837528648,5749842.311398174,1,180.0,33.6155957963679,True,0.70245361328125,0.1561279296875,0.106689453125,0.03472900390625,0.2628173828125,train/20190804111224_20190804111453_00256_29440.npz
20190804111224_20190804111453_00256_29696,train,20190804111224_20190804111453,599741.4837528648,5749714.311398174,599869.4837528648,5749842.311398174,1,180.0,33.6155957963679,True,0.79901123046875,0.11419677734375,0.0750732421875,0.01171875,0.18927001953125,train/20190804111224_20190804111453_00256_29696.npz
20190804111224_20190804111453_00256_32512,train,20190804111224_20190804111453,600445.4837528648,5749714.311398174,600573.4837528648,5749842.311398174,1,180.0,33.6155957963679,True,0.85284423828125,0.06732177734375,0.05657958984375,0.02325439453125,0.1239013671875,train/20190804111224_20190804111453_00256_32512.npz
20190804111224_20190804111453_00256_32768,train,20190804111224_20190804111453,600509.4837528648,5749714.311398174,600637.4837528648,5749842.311398174,1,180.0,33.6155957963679,True,0.7423095703125,0.13616943359375,0.07623291015625,0.0452880859375,0.21240234375,train/20190804111224_20190804111453_00256_32768.npz
20190804111224_20190804111453_00256_33024,train,20190804111224_20190804111453,600573.4837528648,5749714.311398174,600701.4837528648,5749842.311398174,1,180.0,33.6155957963679,True,0.5518798828125,0.2373046875,0.1309814453125,0.079833984375,0.3682861328125,train/20190804111224_20190804111453_00256_33024.npz
20190804111224_20190804111453_00256_33280,train,20190804111224_20190804111453,600637.4837528648,5749714.311398174,600765.4837528648,5749842.311398174,1,180.0,33.6155957963679,True,0.489990234375,0.26904296875,0.1524658203125,0.0885009765625,0.4215087890625,train/20190804111224_20190804111453_00256_33280.npz
20190804111224_20190804111453_00256_33536,train,20190804111224_20190804111453,600701.4837528648,5749714.311398174,600829.4837528648,5749842.311398174,1,180.0,33.6155957963679,True,0.51361083984375,0.25274658203125,0.14599609375,0.087646484375,0.39874267578125,train/20190804111224_20190804111453_00256_33536.npz
20190804111224_20190804111453_00256_33792,train,20190804111224_20190804111453,600765.4837528648,5749714.311398174,600893.4837528648,5749842.311398174,1,180.0,33.6155957963679,True,0.6190185546875,0.198486328125,0.11907958984375,0.06341552734375,0.31756591796875,train/20190804111224_20190804111453_00256_33792.npz
20190804111224_20190804111453_00256_34048,train,20190804111224_20190804111453,600829.4837528648,5749714.311398174,600957.4837528648,5749842.311398174,1,180.0,33.6155957963679,True,0.60479736328125,0.20501708984375,0.1171875,0.072998046875,0.32220458984375,train/20190804111224_20190804111453_00256_34048.npz
20190804111224_20190804111453_00512_01536,train,20190804111224_20190804111453,592701.4837528648,5749650.311398174,592829.4837528648,5749778.311398174,1,180.0,33.6155957963679,True,0.6988525390625,0.12152099609375,0.088134765625,0.09149169921875,0.20965576171875,train/20190804111224_20190804111453_00512_01536.npz
20190804111224_20190804111453_00512_01792,train,20190804111224_20190804111453,592765.4837528648,5749650.311398174,592893.4837528648,5749778.311398174,1,180.0,33.6155957963679,True,0.7191162109375,0.1239013671875,0.08282470703125,0.07415771484375,0.20672607421875,train/20190804111224_20190804111453_00512_01792.npz
20190804111224_20190804111453_00512_02816,train,20190804111224_20190804111453,593021.4837528648,5749650.311398174,593149.4837528648,5749778.311398174,1,180.0,33.6155957963679,True,0.62762451171875,0.19915771484375,0.08209228515625,0.09112548828125,0.28125,train/20190804111224_20190804111453_00512_02816.npz
20190804111224_20190804111453_00512_03072,train,20190804111224_20190804111453,593085.4837528648,5749650.311398174,593213.4837528648,5749778.311398174,1,180.0,33.6155957963679,True,0.63140869140625,0.16217041015625,0.09515380859375,0.11126708984375,0.25732421875,train/20190804111224_20190804111453_00512_03072.npz
20190804111224_20190804111453_00512_03328,train,20190804111224_20190804111453,593149.4837528648,5749650.311398174,593277.4837528648,5749778.311398174,1,180.0,33.6155957963679,True,0.36474609375,0.31781005859375,0.14239501953125,0.175048828125,0.460205078125,train/20190804111224_20190804111453_00512_03328.npz
20190804111224_20190804111453_00512_04608,train,20190804111224_20190804111453,593469.4837528648,5749650.311398174,593597.4837528648,5749778.311398174,1,180.0,33.6155957963679,True,0.48529052734375,0.26123046875,0.10162353515625,0.15185546875,0.36285400390625,train/20190804111224_20190804111453_00512_04608.npz
20190804111224_20190804111453_00512_04864,train,20190804111224_20190804111453,593533.4837528648,5749650.311398174,593661.4837528648,5749778.311398174,1,180.0,33.6155957963679,True,0.52459716796875,0.2569580078125,0.1187744140625,0.09967041015625,0.375732421875,train/20190804111224_20190804111453_00512_04864.npz
20190804111224_20190804111453_00512_07424,train,20190804111224_20190804111453,594173.4837528648,5749650.311398174,594301.4837528648,5749778.311398174,1,180.0,33.6155957963679,True,0.78094482421875,0.1156005859375,0.07489013671875,0.028564453125,0.19049072265625,train/20190804111224_20190804111453_00512_07424.npz
20190804111224_20190804111453_00512_07680,train,20190804111224_20190804111453,594237.4837528648,5749650.311398174,594365.4837528648,5749778.311398174,1,180.0,33.6155957963679,True,0.688232421875,0.16961669921875,0.09375,0.04840087890625,0.26336669921875,train/20190804111224_20190804111453_00512_07680.npz
20190804111224_20190804111453_00512_07936,train,20190804111224_20190804111453,594301.4837528648,5749650.311398174,594429.4837528648,5749778.311398174,1,180.0,33.6155957963679,True,0.807861328125,0.10302734375,0.06549072265625,0.02362060546875,0.16851806640625,train/20190804111224_20190804111453_00512_07936.npz
20190804111224_20190804111453_00512_08192,train,20190804111224_20190804111453,594365.4837528648,5749650.311398174,594493.4837528648,5749778.311398174,1,180.0,33.6155957963679,True,0.93096923828125,0.0294189453125,0.0343017578125,0.00531005859375,0.063720703125,train/20190804111224_20190804111453_00512_08192.npz
20190804111224_20190804111453_00512_08448,train,20190804111224_20190804111453,594429.4837528648,5749650.311398174,594557.4837528648,5749778.311398174,1,180.0,33.6155957963679,True,0.876953125,0.060302734375,0.04302978515625,0.01971435546875,0.10333251953125,train/20190804111224_20190804111453_00512_08448.npz
20190804111224_20190804111453_00512_08704,train,20190804111224_20190804111453,594493.4837528648,5749650.311398174,594621.4837528648,5749778.311398174,1,180.0,33.6155957963679,True,0.8258056640625,0.09002685546875,0.060302734375,0.02386474609375,0.15032958984375,train/20190804111224_20190804111453_00512_08704.npz
20190804111224_20190804111453_00512_08960,train,20190804111224_20190804111453,594557.4837528648,5749650.311398174,594685.4837528648,5749778.311398174,1,180.0,33.6155957963679,True,0.7637939453125,0.11383056640625,0.09527587890625,0.027099609375,0.2091064453125,train/20190804111224_20190804111453_00512_08960.npz
20190804111224_20190804111453_00512_09216,train,20190804111224_20190804111453,594621.4837528648,5749650.311398174,594749.4837528648,5749778.311398174,1,180.0,33.6155957963679,True,0.8026123046875,0.0909423828125,0.080322265625,0.026123046875,0.1712646484375,train/20190804111224_20190804111453_00512_09216.npz
20190804111224_20190804111453_00512_09472,train,20190804111224_20190804111453,594685.4837528648,5749650.311398174,594813.4837528648,5749778.311398174,1,180.0,33.6155957963679,True,0.9393310546875,0.0302734375,0.0240478515625,0.00634765625,0.0543212890625,train/20190804111224_20190804111453_00512_09472.npz
20190804111224_20190804111453_00512_09728,train,20190804111224_20190804111453,594749.4837528648,5749650.311398174,594877.4837528648,5749778.311398174,1,180.0,33.6155957963679,True,0.954345703125,0.02105712890625,0.01763916015625,0.0069580078125,0.0386962890625,train/20190804111224_20190804111453_00512_09728.npz
20190804111224_20190804111453_00512_11008,train,20190804111224_20190804111453,595069.4837528648,5749650.311398174,595197.4837528648,5749778.311398174,1,180.0,33.6155957963679,True,0.8211669921875,0.09820556640625,0.0599365234375,0.02069091796875,0.15814208984375,train/20190804111224_20190804111453_00512_11008.npz
20190804111224_20190804111453_00512_11264,train,20190804111224_20190804111453,595133.4837528648,5749650.311398174,595261.4837528648,5749778.311398174,1,180.0,33.6155957963679,True,0.62567138671875,0.20330810546875,0.12237548828125,0.04864501953125,0.32568359375,train/20190804111224_20190804111453_00512_11264.npz
20190804111224_20190804111453_00512_11520,train,20190804111224_20190804111453,595197.4837528648,5749650.311398174,595325.4837528648,5749778.311398174,1,180.0,33.6155957963679,True,0.618896484375,0.20953369140625,0.1156005859375,0.05596923828125,0.32513427734375,train/20190804111224_20190804111453_00512_11520.npz
20190804111224_20190804111453_00512_11776,train,20190804111224_20190804111453,595261.4837528648,5749650.311398174,595389.4837528648,5749778.311398174,1,180.0,33.6155957963679,True,0.65557861328125,0.200439453125,0.0926513671875,0.05133056640625,0.2930908203125,train/20190804111224_20190804111453_00512_11776.npz
20190804111224_20190804111453_00512_13312,train,20190804111224_20190804111453,595645.4837528648,5749650.311398174,595773.4837528648,5749778.311398174,1,180.0,33.6155957963679,True,0.58544921875,0.22613525390625,0.11962890625,0.06878662109375,0.34576416015625,train/20190804111224_20190804111453_00512_13312.npz
20190804111224_20190804111453_00512_13568,train,20190804111224_20190804111453,595709.4837528648,5749650.311398174,595837.4837528648,5749778.311398174,1,180.0,33.6155957963679,True,0.60980224609375,0.20135498046875,0.12591552734375,0.06292724609375,0.3272705078125,train/20190804111224_20190804111453_00512_13568.npz
20190804111224_20190804111453_00512_22784,train,20190804111224_20190804111453,598013.4837528648,5749650.311398174,598141.4837528648,5749778.311398174,1,180.0,33.6155957963679,True,0.8148193359375,0.10064697265625,0.0513916015625,0.03314208984375,0.15203857421875,train/20190804111224_20190804111453_00512_22784.npz
20190804111224_20190804111453_00512_25088,train,20190804111224_20190804111453,598589.4837528648,5749650.311398174,598717.4837528648,5749778.311398174,1,180.0,33.6155957963679,True,0.58111572265625,0.2049560546875,0.11553955078125,0.098388671875,0.32049560546875,train/20190804111224_20190804111453_00512_25088.npz
20190804111224_20190804111453_00512_25344,train,20190804111224_20190804111453,598653.4837528648,5749650.311398174,598781.4837528648,5749778.311398174,1,180.0,33.6155957963679,True,0.59661865234375,0.2003173828125,0.1253662109375,0.07769775390625,0.32568359375,train/20190804111224_20190804111453_00512_25344.npz
20190804111224_20190804111453_00512_30208,train,20190804111224_20190804111453,599869.4837528648,5749650.311398174,599997.4837528648,5749778.311398174,1,180.0,33.6155957963679,True,0.6776123046875,0.15557861328125,0.10491943359375,0.0618896484375,0.260498046875,train/20190804111224_20190804111453_00512_30208.npz
20190804111224_20190804111453_00512_30976,train,20190804111224_20190804111453,600061.4837528648,5749650.311398174,600189.4837528648,5749778.311398174,1,180.0,33.6155957963679,True,0.7574462890625,0.1121826171875,0.08624267578125,0.04412841796875,0.19842529296875,train/20190804111224_20190804111453_00512_30976.npz
20190804111224_20190804111453_00512_32512,train,20190804111224_20190804111453,600445.4837528648,5749650.311398174,600573.4837528648,5749778.311398174,1,180.0,33.6155957963679,True,0.8123779296875,0.0909423828125,0.05670166015625,0.03997802734375,0.14764404296875,train/20190804111224_20190804111453_00512_32512.npz
20190804111224_20190804111453_00512_33280,train,20190804111224_20190804111453,600637.4837528648,5749650.311398174,600765.4837528648,5749778.311398174,1,180.0,33.6155957963679,True,0.46356201171875,0.2958984375,0.15130615234375,0.0892333984375,0.44720458984375,train/20190804111224_20190804111453_00512_33280.npz
20190804111224_20190804111453_00512_36352,val,20190804111224_20190804111453,601405.4837528648,5749650.311398174,601533.4837528648,5749778.311398174,1,180.0,33.6155957963679,True,0.5391845703125,0.2510986328125,0.12518310546875,0.08453369140625,0.37628173828125,val/20190804111224_20190804111453_00512_36352.npz
20190804111224_20190804111453_00512_37376,val,20190804111224_20190804111453,601661.4837528648,5749650.311398174,601789.4837528648,5749778.311398174,1,180.0,33.6155957963679,True,0.46435546875,0.290283203125,0.14056396484375,0.10479736328125,0.43084716796875,val/20190804111224_20190804111453_00512_37376.npz
20190804111224_20190804111453_00512_38912,val,20190804111224_20190804111453,602045.4837528648,5749650.311398174,602173.4837528648,5749778.311398174,1,180.0,33.6155957963679,True,0.43890380859375,0.29315185546875,0.1495361328125,0.118408203125,0.44268798828125,val/20190804111224_20190804111453_00512_38912.npz
20190804111224_20190804111453_00512_39424,val,20190804111224_20190804111453,602173.4837528648,5749650.311398174,602301.4837528648,5749778.311398174,1,180.0,33.6155957963679,True,0.3175048828125,0.364990234375,0.1790771484375,0.138427734375,0.5440673828125,val/20190804111224_20190804111453_00512_39424.npz
20190804111224_20190804111453_00512_39936,val,20190804111224_20190804111453,602301.4837528648,5749650.311398174,602429.4837528648,5749778.311398174,1,180.0,33.6155957963679,True,0.40008544921875,0.3118896484375,0.15545654296875,0.132568359375,0.46734619140625,val/20190804111224_20190804111453_00512_39936.npz
20190804111224_20190804111453_00512_41472,val,20190804111224_20190804111453,602685.4837528648,5749650.311398174,602813.4837528648,5749778.311398174,1,180.0,33.6155957963679,True,0.80157470703125,0.06982421875,0.0966796875,0.03192138671875,0.16650390625,val/20190804111224_20190804111453_00512_41472.npz
20190804111224_20190804111453_00768_01792,train,20190804111224_20190804111453,592765.4837528648,5749586.311398174,592893.4837528648,5749714.311398174,1,180.0,33.6155957963679,True,0.73260498046875,0.12335205078125,0.06298828125,0.0810546875,0.18634033203125,train/20190804111224_20190804111453_00768_01792.npz
20190804111224_20190804111453_00768_02048,train,20190804111224_20190804111453,592829.4837528648,5749586.311398174,592957.4837528648,5749714.311398174,1,180.0,33.6155957963679,True,0.911865234375,0.0421142578125,0.02288818359375,0.02313232421875,0.06500244140625,train/20190804111224_20190804111453_00768_02048.npz
20190804111224_20190804111453_00768_02816,train,20190804111224_20190804111453,593021.4837528648,5749586.311398174,593149.4837528648,5749714.311398174,1,180.0,33.6155957963679,True,0.651611328125,0.1864013671875,0.0728759765625,0.089111328125,0.25927734375,train/20190804111224_20190804111453_00768_02816.npz
20190804111224_20190804111453_00768_03072,train,20190804111224_20190804111453,593085.4837528648,5749586.311398174,593213.4837528648,5749714.311398174,1,180.0,33.6155957963679,True,0.70599365234375,0.1292724609375,0.0667724609375,0.09796142578125,0.196044921875,train/20190804111224_20190804111453_00768_03072.npz
20190804111224_20190804111453_00768_03328,train,20190804111224_20190804111453,593149.4837528648,5749586.311398174,593277.4837528648,5749714.311398174,1,180.0,33.6155957963679,True,0.46875,0.26739501953125,0.07763671875,0.18621826171875,0.34503173828125,train/20190804111224_20190804111453_00768_03328.npz
20190804111224_20190804111453_00768_03584,train,20190804111224_20190804111453,593213.4837528648,5749586.311398174,593341.4837528648,5749714.311398174,1,180.0,33.6155957963679,True,0.56048583984375,0.23516845703125,0.062255859375,0.14208984375,0.29742431640625,train/20190804111224_20190804111453_00768_03584.npz
20190804111224_20190804111453_00768_03840,train,20190804111224_20190804111453,593277.4837528648,5749586.311398174,593405.4837528648,5749714.311398174,1,180.0,33.6155957963679,True,0.853515625,0.07073974609375,0.033935546875,0.04180908203125,0.10467529296875,train/20190804111224_20190804111453_00768_03840.npz
20190804111224_20190804111453_00768_04608,train,20190804111224_20190804111453,593469.4837528648,5749586.311398174,593597.4837528648,5749714.311398174,1,180.0,33.6155957963679,True,0.58538818359375,0.2088623046875,0.10870361328125,0.0970458984375,0.31756591796875,train/20190804111224_20190804111453_00768_04608.npz
20190804111224_20190804111453_00768_07936,train,20190804111224_20190804111453,594301.4837528648,5749586.311398174,594429.4837528648,5749714.311398174,1,180.0,33.6155957963679,True,0.76019287109375,0.1171875,0.06787109375,0.05474853515625,0.18505859375,train/20190804111224_20190804111453_00768_07936.npz
20190804111224_20190804111453_00768_08192,train,20190804111224_20190804111453,594365.4837528648,5749586.311398174,594493.4837528648,5749714.311398174,1,180.0,33.6155957963679,True,0.759765625,0.10955810546875,0.0740966796875,0.05657958984375,0.18365478515625,train/20190804111224_20190804111453_00768_08192.npz
20190804111224_20190804111453_00768_08448,train,20190804111224_20190804111453,594429.4837528648,5749586.311398174,594557.4837528648,5749714.311398174,1,180.0,33.6155957963679,True,0.7633056640625,0.12109375,0.07366943359375,0.04193115234375,0.19476318359375,train/20190804111224_20190804111453_00768_08448.npz
20190804111224_20190804111453_00768_08704,train,20190804111224_20190804111453,594493.4837528648,5749586.311398174,594621.4837528648,5749714.311398174,1,180.0,33.6155957963679,True,0.73956298828125,0.138916015625,0.0804443359375,0.04107666015625,0.2193603515625,train/20190804111224_20190804111453_00768_08704.npz
20190804111224_20190804111453_00768_08960,train,20190804111224_20190804111453,594557.4837528648,5749586.311398174,594685.4837528648,5749714.311398174,1,180.0,33.6155957963679,True,0.7154541015625,0.154052734375,0.09771728515625,0.03277587890625,0.25177001953125,train/20190804111224_20190804111453_00768_08960.npz
20190804111224_20190804111453_00768_09216,train,20190804111224_20190804111453,594621.4837528648,5749586.311398174,594749.4837528648,5749714.311398174,1,180.0,33.6155957963679,True,0.765380859375,0.12939453125,0.093994140625,0.01123046875,0.223388671875,train/20190804111224_20190804111453_00768_09216.npz
20190804111224_20190804111453_00768_09472,train,20190804111224_20190804111453,594685.4837528648,5749586.311398174,594813.4837528648,5749714.311398174,1,180.0,33.6155957963679,True,0.81475830078125,0.10528564453125,0.07330322265625,0.00665283203125,0.1785888671875,train/20190804111224_20190804111453_00768_09472.npz
20190804111224_20190804111453_00768_09728,train,20190804111224_20190804111453,594749.4837528648,5749586.311398174,594877.4837528648,5749714.311398174,1,180.0,33.6155957963679,True,0.8787841796875,0.06854248046875,0.04193115234375,0.0107421875,0.1104736328125,train/20190804111224_20190804111453_00768_09728.npz
20190804111224_20190804111453_00768_12032,train,20190804111224_20190804111453,595325.4837528648,5749586.311398174,595453.4837528648,5749714.311398174,1,180.0,33.6155957963679,True,0.55792236328125,0.24505615234375,0.1370849609375,0.0599365234375,0.38214111328125,train/20190804111224_20190804111453_00768_12032.npz
20190804111224_20190804111453_00768_12288,train,20190804111224_20190804111453,595389.4837528648,5749586.311398174,595517.4837528648,5749714.311398174,1,180.0,33.6155957963679,True,0.6075439453125,0.2186279296875,0.1212158203125,0.0526123046875,0.33984375,train/20190804111224_20190804111453_00768_12288.npz
20190804111224_20190804111453_00768_13056,train,20190804111224_20190804111453,595581.4837528648,5749586.311398174,595709.4837528648,5749714.311398174,1,180.0,33.6155957963679,True,0.7017822265625,0.156494140625,0.10198974609375,0.03973388671875,0.25848388671875,train/20190804111224_20190804111453_00768_13056.npz
20190804111224_20190804111453_00768_13312,train,20190804111224_20190804111453,595645.4837528648,5749586.311398174,595773.4837528648,5749714.311398174,1,180.0,33.6155957963679,True,0.63275146484375,0.19622802734375,0.12152099609375,0.04949951171875,0.3177490234375,train/20190804111224_20190804111453_00768_13312.npz
20190804111224_20190804111453_00768_18944,train,20190804111224_20190804111453,597053.4837528648,5749586.311398174,597181.4837528648,5749714.311398174,1,180.0,33.6155957963679,True,0.75250244140625,0.11956787109375,0.0794677734375,0.0484619140625,0.19903564453125,train/20190804111224_20190804111453_00768_18944.npz
20190804111224_20190804111453_00768_22016,train,20190804111224_20190804111453,597821.4837528648,5749586.311398174,597949.4837528648,5749714.311398174,1,180.0,33.6155957963679,True,0.4029541015625,0.314208984375,0.13543701171875,0.14739990234375,0.44964599609375,train/20190804111224_20190804111453_00768_22016.npz
20190804111224_20190804111453_00768_22784,train,20190804111224_20190804111453,598013.4837528648,5749586.311398174,598141.4837528648,5749714.311398174,1,180.0,33.6155957963679,True,0.83843994140625,0.08184814453125,0.0521240234375,0.027587890625,0.13397216796875,train/20190804111224_20190804111453_00768_22784.npz
20190804111224_20190804111453_00768_23040,train,20190804111224_20190804111453,598077.4837528648,5749586.311398174,598205.4837528648,5749714.311398174,1,180.0,33.6155957963679,True,0.94525146484375,0.02313232421875,0.02685546875,0.0047607421875,0.04998779296875,train/20190804111224_20190804111453_00768_23040.npz
20190804111224_20190804111453_00768_24832,train,20190804111224_20190804111453,598525.4837528648,5749586.311398174,598653.4837528648,5749714.311398174,1,180.0,33.6155957963679,True,0.61224365234375,0.18670654296875,0.1187744140625,0.082275390625,0.30548095703125,train/20190804111224_20190804111453_00768_24832.npz
20190804111224_20190804111453_00768_25088,train,20190804111224_20190804111453,598589.4837528648,5749586.311398174,598717.4837528648,5749714.311398174,1,180.0,33.6155957963679,True,0.61358642578125,0.1954345703125,0.12701416015625,0.06396484375,0.32244873046875,train/20190804111224_20190804111453_00768_25088.npz
20190804111224_20190804111453_00768_30976,train,20190804111224_20190804111453,600061.4837528648,5749586.311398174,600189.4837528648,5749714.311398174,1,180.0,33.6155957963679,True,0.69256591796875,0.14776611328125,0.1131591796875,0.0465087890625,0.26092529296875,train/20190804111224_20190804111453_00768_30976.npz
20190804111224_20190804111453_00768_31232,train,20190804111224_20190804111453,600125.4837528648,5749586.311398174,600253.4837528648,5749714.311398174,1,180.0,33.6155957963679,True,0.8411865234375,0.0750732421875,0.061767578125,0.02197265625,0.1368408203125,train/20190804111224_20190804111453_00768_31232.npz
20190804111224_20190804111453_00768_32000,train,20190804111224_20190804111453,600317.4837528648,5749586.311398174,600445.4837528648,5749714.311398174,1,180.0,33.6155957963679,True,0.81707763671875,0.08404541015625,0.065185546875,0.03369140625,0.14923095703125,train/20190804111224_20190804111453_00768_32000.npz
20190804111224_20190804111453_00768_32256,train,20190804111224_20190804111453,600381.4837528648,5749586.311398174,600509.4837528648,5749714.311398174,1,180.0,33.6155957963679,True,0.8194580078125,0.0836181640625,0.0467529296875,0.0501708984375,0.13037109375,train/20190804111224_20190804111453_00768_32256.npz
20190804111224_20190804111453_00768_32512,train,20190804111224_20190804111453,600445.4837528648,5749586.311398174,600573.4837528648,5749714.311398174,1,180.0,33.6155957963679,True,0.76947021484375,0.12066650390625,0.0482177734375,0.0616455078125,0.16888427734375,train/20190804111224_20190804111453_00768_32512.npz
20190804111224_20190804111453_00768_33280,train,20190804111224_20190804111453,600637.4837528648,5749586.311398174,600765.4837528648,5749714.311398174,1,180.0,33.6155957963679,True,0.45867919921875,0.3060302734375,0.14434814453125,0.0909423828125,0.45037841796875,train/20190804111224_20190804111453_00768_33280.npz
20190804111224_20190804111453_01024_01792,train,20190804111224_20190804111453,592765.4837528648,5749522.311398174,592893.4837528648,5749650.311398174,1,180.0,33.6155957963679,True,0.947021484375,0.02178955078125,0.001953125,0.02923583984375,0.02374267578125,train/20190804111224_20190804111453_01024_01792.npz
20190804111224_20190804111453_01024_02048,train,20190804111224_20190804111453,592829.4837528648,5749522.311398174,592957.4837528648,5749650.311398174,1,180.0,33.6155957963679,True,0.98602294921875,0.00396728515625,0.00323486328125,0.00677490234375,0.0072021484375,train/20190804111224_20190804111453_01024_02048.npz
20190804111224_20190804111453_01024_02816,train,20190804111224_20190804111453,593021.4837528648,5749522.311398174,593149.4837528648,5749650.311398174,1,180.0,33.6155957963679,True,0.83502197265625,0.0751953125,0.0328369140625,0.05694580078125,0.1080322265625,train/20190804111224_20190804111453_01024_02816.npz
20190804111224_20190804111453_01024_03072,train,20190804111224_20190804111453,593085.4837528648,5749522.311398174,593213.4837528648,5749650.311398174,1,180.0,33.6155957963679,True,0.882080078125,0.05224609375,0.041015625,0.024658203125,0.09326171875,train/20190804111224_20190804111453_01024_03072.npz
20190804111224_20190804111453_01024_03328,train,20190804111224_20190804111453,593149.4837528648,5749522.311398174,593277.4837528648,5749650.311398174,1,180.0,33.6155957963679,True,0.7763671875,0.10418701171875,0.0548095703125,0.06463623046875,0.15899658203125,train/20190804111224_20190804111453_01024_03328.npz
20190804111224_20190804111453_01024_03584,train,20190804111224_20190804111453,593213.4837528648,5749522.311398174,593341.4837528648,5749650.311398174,1,180.0,33.6155957963679,True,0.82305908203125,0.088134765625,0.03912353515625,0.0496826171875,0.12725830078125,train/20190804111224_20190804111453_01024_03584.npz
20190804111224_20190804111453_01024_03840,train,20190804111224_20190804111453,593277.4837528648,5749522.311398174,593405.4837528648,5749650.311398174,1,180.0,33.6155957963679,True,0.92010498046875,0.04071044921875,0.0313720703125,0.0078125,0.07208251953125,train/20190804111224_20190804111453_01024_03840.npz
20190804111224_20190804111453_01024_08960,train,20190804111224_20190804111453,594557.4837528648,5749522.311398174,594685.4837528648,5749650.311398174,1,180.0,33.6155957963679,True,0.66259765625,0.17498779296875,0.08184814453125,0.08056640625,0.2568359375,train/20190804111224_20190804111453_01024_08960.npz
20190804111224_20190804111453_01024_09216,train,20190804111224_20190804111453,594621.4837528648,5749522.311398174,594749.4837528648,5749650.311398174,1,180.0,33.6155957963679,True,0.6861572265625,0.1640625,0.09228515625,0.0574951171875,0.25634765625,train/20190804111224_20190804111453_01024_09216.npz
20190804111224_20190804111453_01024_09472,train,20190804111224_20190804111453,594685.4837528648,5749522.311398174,594813.4837528648,5749650.311398174,1,180.0,33.6155957963679,True,0.7353515625,0.12811279296875,0.09869384765625,0.037841796875,0.226806640625,train/20190804111224_20190804111453_01024_09472.npz
20190804111224_20190804111453_01024_09728,train,20190804111224_20190804111453,594749.4837528648,5749522.311398174,594877.4837528648,5749650.311398174,1,180.0,33.6155957963679,True,0.8616943359375,0.067138671875,0.0546875,0.0164794921875,0.121826171875,train/20190804111224_20190804111453_01024_09728.npz
20190804111224_20190804111453_01024_09984,train,20190804111224_20190804111453,594813.4837528648,5749522.311398174,594941.4837528648,5749650.311398174,1,180.0,33.6155957963679,True,0.95977783203125,0.02001953125,0.015869140625,0.00433349609375,0.035888671875,train/20190804111224_20190804111453_01024_09984.npz
20190804111224_20190804111453_01024_12032,train,20190804111224_20190804111453,595325.4837528648,5749522.311398174,595453.4837528648,5749650.311398174,1,180.0,33.6155957963679,True,0.4915771484375,0.27716064453125,0.16180419921875,0.0694580078125,0.43896484375,train/20190804111224_20190804111453_01024_12032.npz
20190804111224_20190804111453_01024_12288,train,20190804111224_20190804111453,595389.4837528648,5749522.311398174,595517.4837528648,5749650.311398174,1,180.0,33.6155957963679,True,0.5684814453125,0.23388671875,0.138916015625,0.0587158203125,0.372802734375,train/20190804111224_20190804111453_01024_12288.npz
20190804111224_20190804111453_01024_18944,train,20190804111224_20190804111453,597053.4837528648,5749522.311398174,597181.4837528648,5749650.311398174,1,180.0,33.6155957963679,True,0.63592529296875,0.19451904296875,0.12200927734375,0.04754638671875,0.3165283203125,train/20190804111224_20190804111453_01024_18944.npz
20190804111224_20190804111453_01024_19200,train,20190804111224_20190804111453,597117.4837528648,5749522.311398174,597245.4837528648,5749650.311398174,1,180.0,33.6155957963679,True,0.5609130859375,0.21282958984375,0.14410400390625,0.0821533203125,0.35693359375,train/20190804111224_20190804111453_01024_19200.npz
20190804111224_20190804111453_01024_19456,train,20190804111224_20190804111453,597181.4837528648,5749522.311398174,597309.4837528648,5749650.311398174,1,180.0,33.6155957963679,True,0.60870361328125,0.17901611328125,0.1287841796875,0.08349609375,0.30780029296875,train/20190804111224_20190804111453_01024_19456.npz
20190804111224_20190804111453_01024_19712,train,20190804111224_20190804111453,597245.4837528648,5749522.311398174,597373.4837528648,5749650.311398174,1,180.0,33.6155957963679,True,0.46575927734375,0.25946044921875,0.15081787109375,0.12396240234375,0.4102783203125,train/20190804111224_20190804111453_01024_19712.npz
20190804111224_20190804111453_01024_22016,train,20190804111224_20190804111453,597821.4837528648,5749522.311398174,597949.4837528648,5749650.311398174,1,180.0,33.6155957963679,True,0.44354248046875,0.288330078125,0.1134033203125,0.15472412109375,0.4017333984375,train/20190804111224_20190804111453_01024_22016.npz
20190804111224_20190804111453_01024_22784,train,20190804111224_20190804111453,598013.4837528648,5749522.311398174,598141.4837528648,5749650.311398174,1,180.0,33.6155957963679,True,0.685546875,0.15582275390625,0.09405517578125,0.0645751953125,0.2498779296875,train/20190804111224_20190804111453_01024_22784.npz
20190804111224_20190804111453_01024_23040,train,20190804111224_20190804111453,598077.4837528648,5749522.311398174,598205.4837528648,5749650.311398174,1,180.0,33.6155957963679,True,0.8746337890625,0.059326171875,0.04364013671875,0.02239990234375,0.10296630859375,train/20190804111224_20190804111453_01024_23040.npz
20190804111224_20190804111453_01024_24576,train,20190804111224_20190804111453,598461.4837528648,5749522.311398174,598589.4837528648,5749650.311398174,1,180.0,33.6155957963679,True,0.54534912109375,0.1978759765625,0.10894775390625,0.1478271484375,0.30682373046875,train/20190804111224_20190804111453_01024_24576.npz
20190804111224_20190804111453_01024_31744,train,20190804111224_20190804111453,600253.4837528648,5749522.311398174,600381.4837528648,5749650.311398174,1,180.0,33.6155957963679,True,0.812744140625,0.07379150390625,0.0853271484375,0.02813720703125,0.15911865234375,train/20190804111224_20190804111453_01024_31744.npz
20190804111224_20190804111453_01024_32000,train,20190804111224_20190804111453,600317.4837528648,5749522.311398174,600445.4837528648,5749650.311398174,1,180.0,33.6155957963679,True,0.8958740234375,0.04693603515625,0.03155517578125,0.025634765625,0.0784912109375,train/20190804111224_20190804111453_01024_32000.npz
20190804111224_20190804111453_01024_32256,train,20190804111224_20190804111453,600381.4837528648,5749522.311398174,600509.4837528648,5749650.311398174,1,180.0,33.6155957963679,True,0.8896484375,0.054443359375,0.035888671875,0.02001953125,0.09033203125,train/20190804111224_20190804111453_01024_32256.npz
20190804111224_20190804111453_01024_32512,train,20190804111224_20190804111453,600445.4837528648,5749522.311398174,600573.4837528648,5749650.311398174,1,180.0,33.6155957963679,True,0.77264404296875,0.11962890625,0.0648193359375,0.04290771484375,0.1844482421875,train/20190804111224_20190804111453_01024_32512.npz
20190804111224_20190804111453_01024_32768,train,20190804111224_20190804111453,600509.4837528648,5749522.311398174,600637.4837528648,5749650.311398174,1,180.0,33.6155957963679,True,0.5775146484375,0.2232666015625,0.11553955078125,0.08367919921875,0.33880615234375,train/20190804111224_20190804111453_01024_32768.npz
20190804111224_20190804111453_01024_33024,train,20190804111224_20190804111453,600573.4837528648,5749522.311398174,600701.4837528648,5749650.311398174,1,180.0,33.6155957963679,True,0.4105224609375,0.3148193359375,0.1556396484375,0.1190185546875,0.470458984375,train/20190804111224_20190804111453_01024_33024.npz
20190804111224_20190804111453_01024_33280,train,20190804111224_20190804111453,600637.4837528648,5749522.311398174,600765.4837528648,5749650.311398174,1,180.0,33.6155957963679,True,0.4327392578125,0.30950927734375,0.14227294921875,0.115478515625,0.4517822265625,train/20190804111224_20190804111453_01024_33280.npz
20190804111224_20190804111453_01024_33536,train,20190804111224_20190804111453,600701.4837528648,5749522.311398174,600829.4837528648,5749650.311398174,1,180.0,33.6155957963679,True,0.52203369140625,0.26348876953125,0.13031005859375,0.08416748046875,0.393798828125,train/20190804111224_20190804111453_01024_33536.npz
20190804111224_20190804111453_01024_35840,val,20190804111224_20190804111453,601277.4837528648,5749522.311398174,601405.4837528648,5749650.311398174,1,180.0,33.6155957963679,True,0.6702880859375,0.17352294921875,0.09393310546875,0.062255859375,0.2674560546875,val/20190804111224_20190804111453_01024_35840.npz
20190804111224_20190804111453_01024_37888,val,20190804111224_20190804111453,601789.4837528648,5749522.311398174,601917.4837528648,5749650.311398174,1,180.0,33.6155957963679,True,0.2705078125,0.3662109375,0.22015380859375,0.14312744140625,0.58636474609375,val/20190804111224_20190804111453_01024_37888.npz
20190804111224_20190804111453_01024_39424,val,20190804111224_20190804111453,602173.4837528648,5749522.311398174,602301.4837528648,5749650.311398174,1,180.0,33.6155957963679,True,0.3453369140625,0.384765625,0.14129638671875,0.12860107421875,0.52606201171875,val/20190804111224_20190804111453_01024_39424.npz
20190804111224_20190804111453_01024_40960,val,20190804111224_20190804111453,602557.4837528648,5749522.311398174,602685.4837528648,5749650.311398174,1,180.0,33.6155957963679,True,0.70611572265625,0.14642333984375,0.06219482421875,0.08526611328125,0.2086181640625,val/20190804111224_20190804111453_01024_40960.npz
20190804111224_20190804111453_01280_01792,train,20190804111224_20190804111453,592765.4837528648,5749458.311398174,592893.4837528648,5749586.311398174,1,180.0,33.6155957963679,True,0.977783203125,0.00750732421875,0.01361083984375,0.0010986328125,0.0211181640625,train/20190804111224_20190804111453_01280_01792.npz
20190804111224_20190804111453_01280_02048,train,20190804111224_20190804111453,592829.4837528648,5749458.311398174,592957.4837528648,5749586.311398174,1,180.0,33.6155957963679,True,0.92205810546875,0.0360107421875,0.02899169921875,0.012939453125,0.06500244140625,train/20190804111224_20190804111453_01280_02048.npz
20190804111224_20190804111453_01280_02816,train,20190804111224_20190804111453,593021.4837528648,5749458.311398174,593149.4837528648,5749586.311398174,1,180.0,33.6155957963679,True,0.9176025390625,0.03765869140625,0.029541015625,0.01519775390625,0.06719970703125,train/20190804111224_20190804111453_01280_02816.npz
20190804111224_20190804111453_01280_03072,train,20190804111224_20190804111453,593085.4837528648,5749458.311398174,593213.4837528648,5749586.311398174,1,180.0,33.6155957963679,True,0.97235107421875,0.00927734375,0.00689697265625,0.011474609375,0.01617431640625,train/20190804111224_20190804111453_01280_03072.npz
20190804111224_20190804111453_01280_03328,train,20190804111224_20190804111453,593149.4837528648,5749458.311398174,593277.4837528648,5749586.311398174,1,180.0,33.6155957963679,True,0.965087890625,0.0107421875,0.0050048828125,0.0191650390625,0.0157470703125,train/20190804111224_20190804111453_01280_03328.npz
20190804111224_20190804111453_01280_09984,train,20190804111224_20190804111453,594813.4837528648,5749458.311398174,594941.4837528648,5749586.311398174,1,180.0,33.6155957963679,True,0.94683837890625,0.0250244140625,0.01708984375,0.01104736328125,0.0421142578125,train/20190804111224_20190804111453_01280_09984.npz
20190804111224_20190804111453_01280_11520,train,20190804111224_20190804111453,595197.4837528648,5749458.311398174,595325.4837528648,5749586.311398174,1,180.0,33.6155957963679,True,0.57684326171875,0.23095703125,0.13494873046875,0.0572509765625,0.36590576171875,train/20190804111224_20190804111453_01280_11520.npz
20190804111224_20190804111453_01280_11776,train,20190804111224_20190804111453,595261.4837528648,5749458.311398174,595389.4837528648,5749586.311398174,1,180.0,33.6155957963679,True,0.59063720703125,0.22406005859375,0.119873046875,0.0654296875,0.34393310546875,train/20190804111224_20190804111453_01280_11776.npz
20190804111224_20190804111453_01280_19200,train,20190804111224_20190804111453,597117.4837528648,5749458.311398174,597245.4837528648,5749586.311398174,1,180.0,33.6155957963679,True,0.48876953125,0.28533935546875,0.1295166015625,0.09637451171875,0.41485595703125,train/20190804111224_20190804111453_01280_19200.npz
20190804111224_20190804111453_01280_19456,train,20190804111224_20190804111453,597181.4837528648,5749458.311398174,597309.4837528648,5749586.311398174,1,180.0,33.6155957963679,True,0.6082763671875,0.21771240234375,0.10723876953125,0.0667724609375,0.324951171875,train/20190804111224_20190804111453_01280_19456.npz
20190804111224_20190804111453_01280_19712,train,20190804111224_20190804111453,597245.4837528648,5749458.311398174,597373.4837528648,5749586.311398174,1,180.0,33.6155957963679,True,0.56011962890625,0.218017578125,0.13165283203125,0.0902099609375,0.34967041015625,train/20190804111224_20190804111453_01280_19712.npz
20190804111224_20190804111453_01280_19968,train,20190804111224_20190804111453,597309.4837528648,5749458.311398174,597437.4837528648,5749586.311398174,1,180.0,33.6155957963679,True,0.53131103515625,0.23602294921875,0.1500244140625,0.0826416015625,0.38604736328125,train/20190804111224_20190804111453_01280_19968.npz
20190804111224_20190804111453_01280_22016,train,20190804111224_20190804111453,597821.4837528648,5749458.311398174,597949.4837528648,5749586.311398174,1,180.0,33.6155957963679,True,0.43170166015625,0.24615478515625,0.11358642578125,0.20855712890625,0.3597412109375,train/20190804111224_20190804111453_01280_22016.npz
20190804111224_20190804111453_01280_22784,train,20190804111224_20190804111453,598013.4837528648,5749458.311398174,598141.4837528648,5749586.311398174,1,180.0,33.6155957963679,True,0.546142578125,0.2308349609375,0.09820556640625,0.12481689453125,0.32904052734375,train/20190804111224_20190804111453_01280_22784.npz
20190804111224_20190804111453_01280_23040,train,20190804111224_20190804111453,598077.4837528648,5749458.311398174,598205.4837528648,5749586.311398174,1,180.0,33.6155957963679,True,0.84381103515625,0.081298828125,0.0426025390625,0.03228759765625,0.1239013671875,train/20190804111224_20190804111453_01280_23040.npz
20190804111224_20190804111453_01280_23296,train,20190804111224_20190804111453,598141.4837528648,5749458.311398174,598269.4837528648,5749586.311398174,1,180.0,33.6155957963679,True,0.87982177734375,0.045166015625,0.06005859375,0.01495361328125,0.105224609375,train/20190804111224_20190804111453_01280_23296.npz
20190804111224_20190804111453_01280_23552,train,20190804111224_20190804111453,598205.4837528648,5749458.311398174,598333.4837528648,5749586.311398174,1,180.0,33.6155957963679,True,0.7655029296875,0.09320068359375,0.1151123046875,0.02618408203125,0.20831298828125,train/20190804111224_20190804111453_01280_23552.npz
20190804111224_20190804111453_01280_31744,train,20190804111224_20190804111453,600253.4837528648,5749458.311398174,600381.4837528648,5749586.311398174,1,180.0,33.6155957963679,True,0.66278076171875,0.13482666015625,0.08123779296875,0.12115478515625,0.216064453125,train/20190804111224_20190804111453_01280_31744.npz
20190804111224_20190804111453_01280_32000,train,20190804111224_20190804111453,600317.4837528648,5749458.311398174,600445.4837528648,5749586.311398174,1,180.0,33.6155957963679,True,0.9595947265625,0.0166015625,0.01708984375,0.0067138671875,0.03369140625,train/20190804111224_20190804111453_01280_32000.npz
20190804111224_20190804111453_01280_32256,train,20190804111224_20190804111453,600381.4837528648,5749458.311398174,600509.4837528648,5749586.311398174,1,180.0,33.6155957963679,True,0.88177490234375,0.0589599609375,0.03912353515625,0.0201416015625,0.09808349609375,train/20190804111224_20190804111453_01280_32256.npz
20190804111224_20190804111453_01280_32512,train,20190804111224_20190804111453,600445.4837528648,5749458.311398174,600573.4837528648,5749586.311398174,1,180.0,33.6155957963679,True,0.69989013671875,0.1512451171875,0.0955810546875,0.05328369140625,0.246826171875,train/20190804111224_20190804111453_01280_32512.npz
20190804111224_20190804111453_01280_32768,train,20190804111224_20190804111453,600509.4837528648,5749458.311398174,600637.4837528648,5749586.311398174,1,180.0,33.6155957963679,True,0.517333984375,0.2430419921875,0.147705078125,0.0919189453125,0.3907470703125,train/20190804111224_20190804111453_01280_32768.npz
20190804111224_20190804111453_01280_33024,train,20190804111224_20190804111453,600573.4837528648,5749458.311398174,600701.4837528648,5749586.311398174,1,180.0,33.6155957963679,True,0.4288330078125,0.30487060546875,0.16357421875,0.10272216796875,0.46844482421875,train/20190804111224_20190804111453_01280_33024.npz
20190804111224_20190804111453_01536_01792,train,20190804111224_20190804111453,592765.4837528648,5749394.311398174,592893.4837528648,5749522.311398174,1,180.0,33.6155957963679,True,0.94915771484375,0.02337646484375,0.02093505859375,0.00653076171875,0.0443115234375,train/20190804111224_20190804111453_01536_01792.npz
20190804111224_20190804111453_01536_02048,train,20190804111224_20190804111453,592829.4837528648,5749394.311398174,592957.4837528648,5749522.311398174,1,180.0,33.6155957963679,True,0.836181640625,0.075439453125,0.0611572265625,0.0272216796875,0.1365966796875,train/20190804111224_20190804111453_01536_02048.npz
20190804111224_20190804111453_01536_03072,train,20190804111224_20190804111453,593085.4837528648,5749394.311398174,593213.4837528648,5749522.311398174,1,180.0,33.6155957963679,True,0.919677734375,0.0396728515625,0.03076171875,0.0098876953125,0.0704345703125,train/20190804111224_20190804111453_01536_03072.npz
20190804111224_20190804111453_01536_11520,train,20190804111224_20190804111453,595197.4837528648,5749394.311398174,595325.4837528648,5749522.311398174,1,180.0,33.6155957963679,True,0.63665771484375,0.19195556640625,0.12921142578125,0.04217529296875,0.3211669921875,train/20190804111224_20190804111453_01536_11520.npz
20190804111224_20190804111453_01536_19456,train,20190804111224_20190804111453,597181.4837528648,5749394.311398174,597309.4837528648,5749522.311398174,1,180.0,33.6155957963679,True,0.600830078125,0.22210693359375,0.1083984375,0.06866455078125,0.33050537109375,train/20190804111224_20190804111453_01536_19456.npz
20190804111224_20190804111453_01536_19712,train,20190804111224_20190804111453,597245.4837528648,5749394.311398174,597373.4837528648,5749522.311398174,1,180.0,33.6155957963679,True,0.4560546875,0.2952880859375,0.13946533203125,0.10919189453125,0.43475341796875,train/20190804111224_20190804111453_01536_19712.npz
20190804111224_20190804111453_01536_19968,train,20190804111224_20190804111453,597309.4837528648,5749394.311398174,597437.4837528648,5749522.311398174,1,180.0,33.6155957963679,True,0.3765869140625,0.3428955078125,0.16082763671875,0.11968994140625,0.50372314453125,train/20190804111224_20190804111453_01536_19968.npz
20190804111224_20190804111453_01536_20736,train,20190804111224_20190804111453,597501.4837528648,5749394.311398174,597629.4837528648,5749522.311398174,1,180.0,33.6155957963679,True,0.52764892578125,0.23248291015625,0.1182861328125,0.12158203125,0.35076904296875,train/20190804111224_20190804111453_01536_20736.npz
20190804111224_20190804111453_01536_21504,train,20190804111224_20190804111453,597693.4837528648,5749394.311398174,597821.4837528648,5749522.311398174,1,180.0,33.6155957963679,True,0.696533203125,0.12872314453125,0.0777587890625,0.09698486328125,0.20648193359375,train/20190804111224_20190804111453_01536_21504.npz
20190804111224_20190804111453_01536_21760,train,20190804111224_20190804111453,597757.4837528648,5749394.311398174,597885.4837528648,5749522.311398174,1,180.0,33.6155957963679,True,0.6475830078125,0.13665771484375,0.08746337890625,0.1282958984375,0.22412109375,train/20190804111224_20190804111453_01536_21760.npz
20190804111224_20190804111453_01536_22016,train,20190804111224_20190804111453,597821.4837528648,5749394.311398174,597949.4837528648,5749522.311398174,1,180.0,33.6155957963679,True,0.600341796875,0.14007568359375,0.10986328125,0.14971923828125,0.24993896484375,train/20190804111224_20190804111453_01536_22016.npz
20190804111224_20190804111453_01536_22784,train,20190804111224_20190804111453,598013.4837528648,5749394.311398174,598141.4837528648,5749522.311398174,1,180.0,33.6155957963679,True,0.52734375,0.24066162109375,0.10833740234375,0.1236572265625,0.3489990234375,train/20190804111224_20190804111453_01536_22784.npz
20190804111224_20190804111453_01536_23040,train,20190804111224_20190804111453,598077.4837528648,5749394.311398174,598205.4837528648,5749522.311398174,1,180.0,33.6155957963679,True,0.83563232421875,0.086181640625,0.04583740234375,0.0323486328125,0.13201904296875,train/20190804111224_20190804111453_01536_23040.npz
20190804111224_20190804111453_01536_31744,train,20190804111224_20190804111453,600253.4837528648,5749394.311398174,600381.4837528648,5749522.311398174,1,180.0,33.6155957963679,True,0.59564208984375,0.1920166015625,0.04119873046875,0.171142578125,0.23321533203125,train/20190804111224_20190804111453_01536_31744.npz
20190804111224_20190804111453_01536_32000,train,20190804111224_20190804111453,600317.4837528648,5749394.311398174,600445.4837528648,5749522.311398174,1,180.0,33.6155957963679,True,0.9093017578125,0.0401611328125,0.03912353515625,0.01141357421875,0.07928466796875,train/20190804111224_20190804111453_01536_32000.npz
20190804111224_20190804111453_01536_32256,train,20190804111224_20190804111453,600381.4837528648,5749394.311398174,600509.4837528648,5749522.311398174,1,180.0,33.6155957963679,True,0.83258056640625,0.08453369140625,0.05743408203125,0.02545166015625,0.1419677734375,train/20190804111224_20190804111453_01536_32256.npz
20190804111224_20190804111453_01536_32512,train,20190804111224_20190804111453,600445.4837528648,5749394.311398174,600573.4837528648,5749522.311398174,1,180.0,33.6155957963679,True,0.61669921875,0.2000732421875,0.11566162109375,0.06756591796875,0.31573486328125,train/20190804111224_20190804111453_01536_32512.npz
20190804111224_20190804111453_01536_32768,train,20190804111224_20190804111453,600509.4837528648,5749394.311398174,600637.4837528648,5749522.311398174,1,180.0,33.6155957963679,True,0.44622802734375,0.2861328125,0.16009521484375,0.1075439453125,0.44622802734375,train/20190804111224_20190804111453_01536_32768.npz
20190804111224_20190804111453_01536_33024,train,20190804111224_20190804111453,600573.4837528648,5749394.311398174,600701.4837528648,5749522.311398174,1,180.0,33.6155957963679,True,0.46331787109375,0.2803955078125,0.15289306640625,0.1033935546875,0.43328857421875,train/20190804111224_20190804111453_01536_33024.npz
20190804111224_20190804111453_01536_34816,val,20190804111224_20190804111453,601021.4837528648,5749394.311398174,601149.4837528648,5749522.311398174,1,180.0,33.6155957963679,True,0.51824951171875,0.24737548828125,0.1160888671875,0.1182861328125,0.36346435546875,val/20190804111224_20190804111453_01536_34816.npz
20190804111224_20190804111453_01536_35328,val,20190804111224_20190804111453,601149.4837528648,5749394.311398174,601277.4837528648,5749522.311398174,1,180.0,33.6155957963679,True,0.6549072265625,0.16357421875,0.085693359375,0.0958251953125,0.249267578125,val/20190804111224_20190804111453_01536_35328.npz
20190804111224_20190804111453_01536_39424,val,20190804111224_20190804111453,602173.4837528648,5749394.311398174,602301.4837528648,5749522.311398174,1,180.0,33.6155957963679,True,0.4881591796875,0.26898193359375,0.1392822265625,0.10357666015625,0.40826416015625,val/20190804111224_20190804111453_01536_39424.npz
20190804111224_20190804111453_01536_39936,val,20190804111224_20190804111453,602301.4837528648,5749394.311398174,602429.4837528648,5749522.311398174,1,180.0,33.6155957963679,True,0.60113525390625,0.21551513671875,0.087646484375,0.095703125,0.30316162109375,val/20190804111224_20190804111453_01536_39936.npz
20190804111224_20190804111453_01792_02048,train,20190804111224_20190804111453,592829.4837528648,5749330.311398174,592957.4837528648,5749458.311398174,1,180.0,33.6155957963679,True,0.8309326171875,0.0784912109375,0.05352783203125,0.03704833984375,0.13201904296875,train/20190804111224_20190804111453_01792_02048.npz
20190804111224_20190804111453_01792_05632,train,20190804111224_20190804111453,593725.4837528648,5749330.311398174,593853.4837528648,5749458.311398174,1,180.0,33.6155957963679,True,0.84320068359375,0.06976318359375,0.06341552734375,0.02362060546875,0.1331787109375,train/20190804111224_20190804111453_01792_05632.npz
20190804111224_20190804111453_01792_05888,train,20190804111224_20190804111453,593789.4837528648,5749330.311398174,593917.4837528648,5749458.311398174,1,180.0,33.6155957963679,True,0.73101806640625,0.12890625,0.08367919921875,0.056396484375,0.21258544921875,train/20190804111224_20190804111453_01792_05888.npz
20190804111224_20190804111453_01792_13056,train,20190804111224_20190804111453,595581.4837528648,5749330.311398174,595709.4837528648,5749458.311398174,1,180.0,33.6155957963679,True,0.67474365234375,0.16949462890625,0.11492919921875,0.04083251953125,0.284423828125,train/20190804111224_20190804111453_01792_13056.npz
20190804111224_20190804111453_01792_15360,train,20190804111224_20190804111453,596157.4837528648,5749330.311398174,596285.4837528648,5749458.311398174,1,180.0,33.6155957963679,True,0.6500244140625,0.18145751953125,0.1033935546875,0.06512451171875,0.28485107421875,train/20190804111224_20190804111453_01792_15360.npz
20190804111224_20190804111453_01792_19968,train,20190804111224_20190804111453,597309.4837528648,5749330.311398174,597437.4837528648,5749458.311398174,1,180.0,33.6155957963679,True,0.391845703125,0.32379150390625,0.14453125,0.13983154296875,0.46832275390625,train/20190804111224_20190804111453_01792_19968.npz
20190804111224_20190804111453_01792_20224,train,20190804111224_20190804111453,597373.4837528648,5749330.311398174,597501.4837528648,5749458.311398174,1,180.0,33.6155957963679,True,0.27850341796875,0.38507080078125,0.1571044921875,0.1793212890625,0.54217529296875,train/20190804111224_20190804111453_01792_20224.npz
20190804111224_20190804111453_01792_21760,train,20190804111224_20190804111453,597757.4837528648,5749330.311398174,597885.4837528648,5749458.311398174,1,180.0,33.6155957963679,True,0.6007080078125,0.16998291015625,0.1343994140625,0.09490966796875,0.30438232421875,train/20190804111224_20190804111453_01792_21760.npz
20190804111224_20190804111453_01792_22016,train,20190804111224_20190804111453,597821.4837528648,5749330.311398174,597949.4837528648,5749458.311398174,1,180.0,33.6155957963679,True,0.65338134765625,0.13104248046875,0.10650634765625,0.10906982421875,0.237548828125,train/20190804111224_20190804111453_01792_22016.npz
20190804111224_20190804111453_01792_22784,train,20190804111224_20190804111453,598013.4837528648,5749330.311398174,598141.4837528648,5749458.311398174,1,180.0,33.6155957963679,True,0.5078125,0.23480224609375,0.1373291015625,0.12005615234375,0.37213134765625,train/20190804111224_20190804111453_01792_22784.npz
20190804111224_20190804111453_01792_23040,train,20190804111224_20190804111453,598077.4837528648,5749330.311398174,598205.4837528648,5749458.311398174,1,180.0,33.6155957963679,True,0.798583984375,0.0960693359375,0.06500244140625,0.04034423828125,0.16107177734375,train/20190804111224_20190804111453_01792_23040.npz
20190804111224_20190804111453_01792_31488,train,20190804111224_20190804111453,600189.4837528648,5749330.311398174,600317.4837528648,5749458.311398174,1,180.0,33.6155957963679,True,0.4840087890625,0.22784423828125,0.08929443359375,0.1988525390625,0.317138671875,train/20190804111224_20190804111453_01792_31488.npz
20190804111224_20190804111453_01792_31744,train,20190804111224_20190804111453,600253.4837528648,5749330.311398174,600381.4837528648,5749458.311398174,1,180.0,33.6155957963679,True,0.76220703125,0.1092529296875,0.0330810546875,0.095458984375,0.142333984375,train/20190804111224_20190804111453_01792_31744.npz
20190804111224_20190804111453_01792_32000,train,20190804111224_20190804111453,600317.4837528648,5749330.311398174,600445.4837528648,5749458.311398174,1,180.0,33.6155957963679,True,0.86651611328125,0.066162109375,0.04833984375,0.01898193359375,0.114501953125,train/20190804111224_20190804111453_01792_32000.npz
20190804111224_20190804111453_01792_32256,train,20190804111224_20190804111453,600381.4837528648,5749330.311398174,600509.4837528648,5749458.311398174,1,180.0,33.6155957963679,True,0.7730712890625,0.11517333984375,0.07794189453125,0.0338134765625,0.193115234375,train/20190804111224_20190804111453_01792_32256.npz
20190804111224_20190804111453_01792_32512,train,20190804111224_20190804111453,600445.4837528648,5749330.311398174,600573.4837528648,5749458.311398174,1,180.0,33.6155957963679,True,0.63653564453125,0.1900634765625,0.1112060546875,0.06219482421875,0.30126953125,train/20190804111224_20190804111453_01792_32512.npz
20190804111224_20190804111453_01792_33280,train,20190804111224_20190804111453,600637.4837528648,5749330.311398174,600765.4837528648,5749458.311398174,1,180.0,33.6155957963679,True,0.4033203125,0.31646728515625,0.15948486328125,0.1207275390625,0.4759521484375,train/20190804111224_20190804111453_01792_33280.npz
20190804111224_20190804111453_01792_33536,train,20190804111224_20190804111453,600701.4837528648,5749330.311398174,600829.4837528648,5749458.311398174,1,180.0,33.6155957963679,True,0.408203125,0.33428955078125,0.140869140625,0.11663818359375,0.47515869140625,train/20190804111224_20190804111453_01792_33536.npz
20190804111224_20190804111453_02048_02048,train,20190804111224_20190804111453,592829.4837528648,5749266.311398174,592957.4837528648,5749394.311398174,1,180.0,33.6155957963679,True,0.880859375,0.05718994140625,0.03350830078125,0.0284423828125,0.0906982421875,train/20190804111224_20190804111453_02048_02048.npz
20190804111224_20190804111453_02048_05632,train,20190804111224_20190804111453,593725.4837528648,5749266.311398174,593853.4837528648,5749394.311398174,1,180.0,33.6155957963679,True,0.8013916015625,0.09375,0.06268310546875,0.04217529296875,0.15643310546875,train/20190804111224_20190804111453_02048_05632.npz
20190804111224_20190804111453_02048_05888,train,20190804111224_20190804111453,593789.4837528648,5749266.311398174,593917.4837528648,5749394.311398174,1,180.0,33.6155957963679,True,0.79852294921875,0.10223388671875,0.0411376953125,0.05810546875,0.14337158203125,train/20190804111224_20190804111453_02048_05888.npz
20190804111224_20190804111453_02048_06144,train,20190804111224_20190804111453,593853.4837528648,5749266.311398174,593981.4837528648,5749394.311398174,1,180.0,33.6155957963679,True,0.6966552734375,0.146728515625,0.06817626953125,0.08843994140625,0.21490478515625,train/20190804111224_20190804111453_02048_06144.npz
20190804111224_20190804111453_02048_06912,train,20190804111224_20190804111453,594045.4837528648,5749266.311398174,594173.4837528648,5749394.311398174,1,180.0,33.6155957963679,True,0.6513671875,0.168701171875,0.10650634765625,0.07342529296875,0.27520751953125,train/20190804111224_20190804111453_02048_06912.npz
20190804111224_20190804111453_02048_13056,train,20190804111224_20190804111453,595581.4837528648,5749266.311398174,595709.4837528648,5749394.311398174,1,180.0,33.6155957963679,True,0.6314697265625,0.1910400390625,0.12640380859375,0.05108642578125,0.31744384765625,train/20190804111224_20190804111453_02048_13056.npz
20190804111224_20190804111453_02048_13824,train,20190804111224_20190804111453,595773.4837528648,5749266.311398174,595901.4837528648,5749394.311398174,1,180.0,33.6155957963679,True,0.685791015625,0.15472412109375,0.1163330078125,0.04315185546875,0.27105712890625,train/20190804111224_20190804111453_02048_13824.npz
20190804111224_20190804111453_02048_15360,train,20190804111224_20190804111453,596157.4837528648,5749266.311398174,596285.4837528648,5749394.311398174,1,180.0,33.6155957963679,True,0.75262451171875,0.1234130859375,0.0789794921875,0.04498291015625,0.202392578125,train/20190804111224_20190804111453_02048_15360.npz
20190804111224_20190804111453_02048_15616,train,20190804111224_20190804111453,596221.4837528648,5749266.311398174,596349.4837528648,5749394.311398174,1,180.0,33.6155957963679,True,0.7540283203125,0.120849609375,0.08502197265625,0.04010009765625,0.20587158203125,train/20190804111224_20190804111453_02048_15616.npz
20190804111224_20190804111453_02048_15872,train,20190804111224_20190804111453,596285.4837528648,5749266.311398174,596413.4837528648,5749394.311398174,1,180.0,33.6155957963679,True,0.64471435546875,0.16650390625,0.13616943359375,0.0526123046875,0.30267333984375,train/20190804111224_20190804111453_02048_15872.npz
20190804111224_20190804111453_02048_16128,train,20190804111224_20190804111453,596349.4837528648,5749266.311398174,596477.4837528648,5749394.311398174,1,180.0,33.6155957963679,True,0.45233154296875,0.2567138671875,0.1927490234375,0.09820556640625,0.449462890625,train/20190804111224_20190804111453_02048_16128.npz
20190804111224_20190804111453_02048_21760,train,20190804111224_20190804111453,597757.4837528648,5749266.311398174,597885.4837528648,5749394.311398174,1,180.0,33.6155957963679,True,0.66180419921875,0.16168212890625,0.1129150390625,0.0635986328125,0.27459716796875,train/20190804111224_20190804111453_02048_21760.npz
20190804111224_20190804111453_02048_22016,train,20190804111224_20190804111453,597821.4837528648,5749266.311398174,597949.4837528648,5749394.311398174,1,180.0,33.6155957963679,True,0.61822509765625,0.17779541015625,0.108642578125,0.0953369140625,0.28643798828125,train/20190804111224_20190804111453_02048_22016.npz
20190804111224_20190804111453_02048_22784,train,20190804111224_20190804111453,598013.4837528648,5749266.311398174,598141.4837528648,5749394.311398174,1,180.0,33.6155957963679,True,0.56488037109375,0.20184326171875,0.1053466796875,0.1279296875,0.30718994140625,train/20190804111224_20190804111453_02048_22784.npz
20190804111224_20190804111453_02048_23040,train,20190804111224_20190804111453,598077.4837528648,5749266.311398174,598205.4837528648,5749394.311398174,1,180.0,33.6155957963679,True,0.7479248046875,0.12255859375,0.06878662109375,0.06072998046875,0.19134521484375,train/20190804111224_20190804111453_02048_23040.npz
20190822074237_20190822074521_00256_32000,train,20190822074237_20190822074521,600256.8611554605,5749536.959424462,600384.8611554605,5749664.959424462,0,0.0,34.613175285729675,False,0.79815673828125,0.08306884765625,0.066650390625,0.0521240234375,0.14971923828125,train/20190822074237_20190822074521_00256_32000.npz
20190822074237_20190822074521_00256_32256,train,20190822074237_20190822074521,600320.8611554605,5749536.959424462,600448.8611554605,5749664.959424462,0,0.0,34.613175285729675,False,0.8543701171875,0.0599365234375,0.05810546875,0.027587890625,0.1180419921875,train/20190822074237_20190822074521_00256_32256.npz
20190822074237_20190822074521_00256_32512,train,20190822074237_20190822074521,600384.8611554605,5749536.959424462,600512.8611554605,5749664.959424462,0,0.0,34.613175285729675,False,0.88037109375,0.04901123046875,0.0418701171875,0.02874755859375,0.09088134765625,train/20190822074237_20190822074521_00256_32512.npz
20190822074237_20190822074521_00256_32768,train,20190822074237_20190822074521,600448.8611554605,5749536.959424462,600576.8611554605,5749664.959424462,0,0.0,34.613175285729675,False,0.760498046875,0.12841796875,0.07275390625,0.038330078125,0.201171875,train/20190822074237_20190822074521_00256_32768.npz
20190822074237_20190822074521_00256_33536,train,20190822074237_20190822074521,600640.8611554605,5749536.959424462,600768.8611554605,5749664.959424462,0,0.0,34.613175285729675,False,0.42095947265625,0.31494140625,0.15228271484375,0.11181640625,0.46722412109375,train/20190822074237_20190822074521_00256_33536.npz
20190822074237_20190822074521_00256_33792,train,20190822074237_20190822074521,600704.8611554605,5749536.959424462,600832.8611554605,5749664.959424462,0,0.0,34.613175285729675,False,0.5164794921875,0.26971435546875,0.13616943359375,0.07763671875,0.4058837890625,train/20190822074237_20190822074521_00256_33792.npz
20190822074237_20190822074521_00512_19456,train,20190822074237_20190822074521,597120.8611554605,5749472.959424462,597248.8611554605,5749600.959424462,0,0.0,34.613175285729675,False,0.54754638671875,0.229736328125,0.10784912109375,0.1148681640625,0.33758544921875,train/20190822074237_20190822074521_00512_19456.npz
20190822074237_20190822074521_00512_19712,train,20190822074237_20190822074521,597184.8611554605,5749472.959424462,597312.8611554605,5749600.959424462,0,0.0,34.613175285729675,False,0.63348388671875,0.19525146484375,0.091796875,0.0794677734375,0.28704833984375,train/20190822074237_20190822074521_00512_19712.npz
20190822074237_20190822074521_00512_19968,train,20190822074237_20190822074521,597248.8611554605,5749472.959424462,597376.8611554605,5749600.959424462,0,0.0,34.613175285729675,False,0.56451416015625,0.20587158203125,0.1251220703125,0.1044921875,0.33099365234375,train/20190822074237_20190822074521_00512_19968.npz
20190822074237_20190822074521_00512_20224,train,20190822074237_20190822074521,597312.8611554605,5749472.959424462,597440.8611554605,5749600.959424462,0,0.0,34.613175285729675,False,0.58319091796875,0.19012451171875,0.12518310546875,0.10150146484375,0.3153076171875,train/20190822074237_20190822074521_00512_20224.npz
20190822074237_20190822074521_00512_22272,train,20190822074237_20190822074521,597824.8611554605,5749472.959424462,597952.8611554605,5749600.959424462,0,0.0,34.613175285729675,False,0.4564208984375,0.2413330078125,0.08349609375,0.21875,0.3248291015625,train/20190822074237_20190822074521_00512_22272.npz
20190822074237_20190822074521_00512_23040,train,20190822074237_20190822074521,598016.8611554605,5749472.959424462,598144.8611554605,5749600.959424462,0,0.0,34.613175285729675,False,0.5953369140625,0.1976318359375,0.08245849609375,0.12457275390625,0.28009033203125,train/20190822074237_20190822074521_00512_23040.npz
20190822074237_20190822074521_00512_23296,train,20190822074237_20190822074521,598080.8611554605,5749472.959424462,598208.8611554605,5749600.959424462,0,0.0,34.613175285729675,False,0.86456298828125,0.0709228515625,0.03753662109375,0.0269775390625,0.10845947265625,train/20190822074237_20190822074521_00512_23296.npz
20190822074237_20190822074521_00512_23552,train,20190822074237_20190822074521,598144.8611554605,5749472.959424462,598272.8611554605,5749600.959424462,0,0.0,34.613175285729675,False,0.91448974609375,0.0380859375,0.02716064453125,0.020263671875,0.06524658203125,train/20190822074237_20190822074521_00512_23552.npz
20190822074237_20190822074521_00512_23808,train,20190822074237_20190822074521,598208.8611554605,5749472.959424462,598336.8611554605,5749600.959424462,0,0.0,34.613175285729675,False,0.8536376953125,0.0673828125,0.04302978515625,0.03594970703125,0.11041259765625,train/20190822074237_20190822074521_00512_23808.npz
20190822074237_20190822074521_00512_32000,train,20190822074237_20190822074521,600256.8611554605,5749472.959424462,600384.8611554605,5749600.959424462,0,0.0,34.613175285729675,False,0.730712890625,0.1141357421875,0.02850341796875,0.12664794921875,0.14263916015625,train/20190822074237_20190822074521_00512_32000.npz
20190822074237_20190822074521_00512_32256,train,20190822074237_20190822074521,600320.8611554605,5749472.959424462,600448.8611554605,5749600.959424462,0,0.0,34.613175285729675,False,0.96575927734375,0.00762939453125,0.0216064453125,0.0050048828125,0.02923583984375,train/20190822074237_20190822074521_00512_32256.npz
20190822074237_20190822074521_00512_32512,train,20190822074237_20190822074521,600384.8611554605,5749472.959424462,600512.8611554605,5749600.959424462,0,0.0,34.613175285729675,False,0.891845703125,0.05572509765625,0.0360107421875,0.01641845703125,0.09173583984375,train/20190822074237_20190822074521_00512_32512.npz
20190822074237_20190822074521_00512_32768,train,20190822074237_20190822074521,600448.8611554605,5749472.959424462,600576.8611554605,5749600.959424462,0,0.0,34.613175285729675,False,0.72833251953125,0.1390380859375,0.0791015625,0.05352783203125,0.2181396484375,train/20190822074237_20190822074521_00512_32768.npz
20190822074237_20190822074521_00512_33024,train,20190822074237_20190822074521,600512.8611554605,5749472.959424462,600640.8611554605,5749600.959424462,0,0.0,34.613175285729675,False,0.5496826171875,0.22564697265625,0.123046875,0.10162353515625,0.34869384765625,train/20190822074237_20190822074521_00512_33024.npz
20190822074237_20190822074521_00512_33280,train,20190822074237_20190822074521,600576.8611554605,5749472.959424462,600704.8611554605,5749600.959424462,0,0.0,34.613175285729675,False,0.44775390625,0.2855224609375,0.15081787109375,0.11590576171875,0.43634033203125,train/20190822074237_20190822074521_00512_33280.npz
20190822074237_20190822074521_00512_35840,val,20190822074237_20190822074521,601216.8611554605,5749472.959424462,601344.8611554605,5749600.959424462,0,0.0,34.613175285729675,False,0.68798828125,0.16094970703125,0.08538818359375,0.065673828125,0.246337890625,val/20190822074237_20190822074521_00512_35840.npz
20190822074237_20190822074521_00512_36352,val,20190822074237_20190822074521,601344.8611554605,5749472.959424462,601472.8611554605,5749600.959424462,0,0.0,34.613175285729675,False,0.63531494140625,0.1898193359375,0.10650634765625,0.068359375,0.29632568359375,val/20190822074237_20190822074521_00512_36352.npz
20190822074237_20190822074521_00512_40960,val,20190822074237_20190822074521,602496.8611554605,5749472.959424462,602624.8611554605,5749600.959424462,0,0.0,34.613175285729675,False,0.84844970703125,0.06378173828125,0.03704833984375,0.05072021484375,0.100830078125,val/20190822074237_20190822074521_00512_40960.npz
20190822074237_20190822074521_00512_43008,test,20190822074237_20190822074521,603008.8611554605,5749472.959424462,603136.8611554605,5749600.959424462,0,0.0,34.613175285729675,False,0.3896484375,0.31707763671875,0.15045166015625,0.142822265625,0.467529296875,test/20190822074237_20190822074521_00512_43008.npz
20190822074237_20190822074521_00512_43520,test,20190822074237_20190822074521,603136.8611554605,5749472.959424462,603264.8611554605,5749600.959424462,0,0.0,34.613175285729675,False,0.30499267578125,0.3795166015625,0.16644287109375,0.1490478515625,0.54595947265625,test/20190822074237_20190822074521_00512_43520.npz
20190822074237_20190822074521_00512_45056,test,20190822074237_20190822074521,603520.8611554605,5749472.959424462,603648.8611554605,5749600.959424462,0,0.0,34.613175285729675,False,0.59478759765625,0.18792724609375,0.1015625,0.11572265625,0.28948974609375,test/20190822074237_20190822074521_00512_45056.npz
20190822074237_20190822074521_00512_45568,test,20190822074237_20190822074521,603648.8611554605,5749472.959424462,603776.8611554605,5749600.959424462,0,0.0,34.613175285729675,False,0.53875732421875,0.2467041015625,0.1236572265625,0.09088134765625,0.370361328125,test/20190822074237_20190822074521_00512_45568.npz
20190822074237_20190822074521_00768_00256,train,20190822074237_20190822074521,592320.8611554605,5749408.959424462,592448.8611554605,5749536.959424462,0,0.0,34.613175285729675,False,0.81494140625,0.0908203125,0.05828857421875,0.03594970703125,0.14910888671875,train/20190822074237_20190822074521_00768_00256.npz
20190822074237_20190822074521_00768_02048,train,20190822074237_20190822074521,592768.8611554605,5749408.959424462,592896.8611554605,5749536.959424462,0,0.0,34.613175285729675,False,0.95880126953125,0.01849365234375,0.0142822265625,0.0084228515625,0.03277587890625,train/20190822074237_20190822074521_00768_02048.npz
20190822074237_20190822074521_00768_02304,train,20190822074237_20190822074521,592832.8611554605,5749408.959424462,592960.8611554605,5749536.959424462,0,0.0,34.613175285729675,False,0.878662109375,0.05682373046875,0.036865234375,0.02764892578125,0.09368896484375,train/20190822074237_20190822074521_00768_02304.npz
20190822074237_20190822074521_00768_03328,train,20190822074237_20190822074521,593088.8611554605,5749408.959424462,593216.8611554605,5749536.959424462,0,0.0,34.613175285729675,False,0.94049072265625,0.0303955078125,0.01824951171875,0.0108642578125,0.04864501953125,train/20190822074237_20190822074521_00768_03328.npz
20190822074237_20190822074521_00768_11776,train,20190822074237_20190822074521,595200.8611554605,5749408.959424462,595328.8611554605,5749536.959424462,0,0.0,34.613175285729675,False,0.6168212890625,0.19024658203125,0.13690185546875,0.0560302734375,0.3271484375,train/20190822074237_20190822074521_00768_11776.npz
20190822074237_20190822074521_00768_19456,train,20190822074237_20190822074521,597120.8611554605,5749408.959424462,597248.8611554605,5749536.959424462,0,0.0,34.613175285729675,False,0.53314208984375,0.23876953125,0.12445068359375,0.1036376953125,0.36322021484375,train/20190822074237_20190822074521_00768_19456.npz
20190822074237_20190822074521_00768_19712,train,20190822074237_20190822074521,597184.8611554605,5749408.959424462,597312.8611554605,5749536.959424462,0,0.0,34.613175285729675,False,0.621337890625,0.205810546875,0.0897216796875,0.0831298828125,0.2955322265625,train/20190822074237_20190822074521_00768_19712.npz
20190822074237_20190822074521_00768_19968,train,20190822074237_20190822074521,597248.8611554605,5749408.959424462,597376.8611554605,5749536.959424462,0,0.0,34.613175285729675,False,0.50970458984375,0.24835205078125,0.109375,0.132568359375,0.35772705078125,train/20190822074237_20190822074521_00768_19968.npz
20190822074237_20190822074521_00768_20224,train,20190822074237_20190822074521,597312.8611554605,5749408.959424462,597440.8611554605,5749536.959424462,0,0.0,34.613175285729675,False,0.47784423828125,0.2611083984375,0.12115478515625,0.139892578125,0.38226318359375,train/20190822074237_20190822074521_00768_20224.npz
20190822074237_20190822074521_00768_21248,train,20190822074237_20190822074521,597568.8611554605,5749408.959424462,597696.8611554605,5749536.959424462,0,0.0,34.613175285729675,False,0.60723876953125,0.20233154296875,0.13946533203125,0.05096435546875,0.341796875,train/20190822074237_20190822074521_00768_21248.npz
20190822074237_20190822074521_00768_21504,train,20190822074237_20190822074521,597632.8611554605,5749408.959424462,597760.8611554605,5749536.959424462,0,0.0,34.613175285729675,False,0.66845703125,0.14666748046875,0.10662841796875,0.0782470703125,0.2532958984375,train/20190822074237_20190822074521_00768_21504.npz
20190822074237_20190822074521_00768_21760,train,20190822074237_20190822074521,597696.8611554605,5749408.959424462,597824.8611554605,5749536.959424462,0,0.0,34.613175285729675,False,0.71209716796875,0.10919189453125,0.07061767578125,0.10809326171875,0.1798095703125,train/20190822074237_20190822074521_00768_21760.npz
20190822074237_20190822074521_00768_22016,train,20190822074237_20190822074521,597760.8611554605,5749408.959424462,597888.8611554605,5749536.959424462,0,0.0,34.613175285729675,False,0.6348876953125,0.1383056640625,0.09539794921875,0.13140869140625,0.23370361328125,train/20190822074237_20190822074521_00768_22016.npz
20190822074237_20190822074521_00768_22272,train,20190822074237_20190822074521,597824.8611554605,5749408.959424462,597952.8611554605,5749536.959424462,0,0.0,34.613175285729675,False,0.55609130859375,0.1622314453125,0.1265869140625,0.15509033203125,0.288818359375,train/20190822074237_20190822074521_00768_22272.npz
20190822074237_20190822074521_00768_23040,train,20190822074237_20190822074521,598016.8611554605,5749408.959424462,598144.8611554605,5749536.959424462,0,0.0,34.613175285729675,False,0.5413818359375,0.2310791015625,0.100830078125,0.126708984375,0.3319091796875,train/20190822074237_20190822074521_00768_23040.npz
20190822074237_20190822074521_00768_23296,train,20190822074237_20190822074521,598080.8611554605,5749408.959424462,598208.8611554605,5749536.959424462,0,0.0,34.613175285729675,False,0.86376953125,0.0679931640625,0.0379638671875,0.0302734375,0.10595703125,train/20190822074237_20190822074521_00768_23296.npz
20190822074237_20190822074521_00768_32000,train,20190822074237_20190822074521,600256.8611554605,5749408.959424462,600384.8611554605,5749536.959424462,0,0.0,34.613175285729675,False,0.59930419921875,0.177734375,0.0521240234375,0.17083740234375,0.2298583984375,train/20190822074237_20190822074521_00768_32000.npz
20190822074237_20190822074521_00768_32256,train,20190822074237_20190822074521,600320.8611554605,5749408.959424462,600448.8611554605,5749536.959424462,0,0.0,34.613175285729675,False,0.942626953125,0.02392578125,0.02130126953125,0.01214599609375,0.04522705078125,train/20190822074237_20190822074521_00768_32256.npz
20190822074237_20190822074521_00768_32512,train,20190822074237_20190822074521,600384.8611554605,5749408.959424462,600512.8611554605,5749536.959424462,0,0.0,34.613175285729675,False,0.8494873046875,0.073974609375,0.04840087890625,0.02813720703125,0.12237548828125,train/20190822074237_20190822074521_00768_32512.npz
20190822074237_20190822074521_00768_32768,train,20190822074237_20190822074521,600448.8611554605,5749408.959424462,600576.8611554605,5749536.959424462,0,0.0,34.613175285729675,False,0.6337890625,0.1881103515625,0.1104736328125,0.067626953125,0.298583984375,train/20190822074237_20190822074521_00768_32768.npz
20190822074237_20190822074521_00768_33024,train,20190822074237_20190822074521,600512.8611554605,5749408.959424462,600640.8611554605,5749536.959424462,0,0.0,34.613175285729675,False,0.46673583984375,0.27044677734375,0.152587890625,0.1102294921875,0.42303466796875,train/20190822074237_20190822074521_00768_33024.npz
20190822074237_20190822074521_00768_33280,train,20190822074237_20190822074521,600576.8611554605,5749408.959424462,600704.8611554605,5749536.959424462,0,0.0,34.613175285729675,False,0.46002197265625,0.2821044921875,0.1514892578125,0.10638427734375,0.43359375,train/20190822074237_20190822074521_00768_33280.npz
20190822074237_20190822074521_01024_00256,train,20190822074237_20190822074521,592320.8611554605,5749344.959424462,592448.8611554605,5749472.959424462,0,0.0,34.613175285729675,False,0.84429931640625,0.06353759765625,0.064208984375,0.0279541015625,0.12774658203125,train/20190822074237_20190822074521_01024_00256.npz
20190822074237_20190822074521_01024_02304,train,20190822074237_20190822074521,592832.8611554605,5749344.959424462,592960.8611554605,5749472.959424462,0,0.0,34.613175285729675,False,0.827392578125,0.07525634765625,0.05621337890625,0.0411376953125,0.1314697265625,train/20190822074237_20190822074521_01024_02304.npz
20190822074237_20190822074521_01024_06144,train,20190822074237_20190822074521,593792.8611554605,5749344.959424462,593920.8611554605,5749472.959424462,0,0.0,34.613175285729675,False,0.76654052734375,0.1181640625,0.0550537109375,0.06024169921875,0.1732177734375,train/20190822074237_20190822074521_01024_06144.npz
20190822074237_20190822074521_01024_15360,train,20190822074237_20190822074521,596096.8611554605,5749344.959424462,596224.8611554605,5749472.959424462,0,0.0,34.613175285729675,False,0.51861572265625,0.2249755859375,0.10394287109375,0.1524658203125,0.32891845703125,train/20190822074237_20190822074521_01024_15360.npz
20190822074237_20190822074521_01024_19968,train,20190822074237_20190822074521,597248.8611554605,5749344.959424462,597376.8611554605,5749472.959424462,0,0.0,34.613175285729675,False,0.474365234375,0.281982421875,0.1251220703125,0.1185302734375,0.4071044921875,train/20190822074237_20190822074521_01024_19968.npz
20190822074237_20190822074521_01024_20224,train,20190822074237_20190822074521,597312.8611554605,5749344.959424462,597440.8611554605,5749472.959424462,0,0.0,34.613175285729675,False,0.3553466796875,0.3511962890625,0.1474609375,0.14599609375,0.4986572265625,train/20190822074237_20190822074521_01024_20224.npz
20190822074237_20190822074521_01024_20480,train,20190822074237_20190822074521,597376.8611554605,5749344.959424462,597504.8611554605,5749472.959424462,0,0.0,34.613175285729675,False,0.2967529296875,0.3870849609375,0.14599609375,0.170166015625,0.5330810546875,train/20190822074237_20190822074521_01024_20480.npz
20190822074237_20190822074521_01024_22016,train,20190822074237_20190822074521,597760.8611554605,5749344.959424462,597888.8611554605,5749472.959424462,0,0.0,34.613175285729675,False,0.63140869140625,0.13519287109375,0.1317138671875,0.1016845703125,0.26690673828125,train/20190822074237_20190822074521_01024_22016.npz
20190822074237_20190822074521_01024_22272,train,20190822074237_20190822074521,597824.8611554605,5749344.959424462,597952.8611554605,5749472.959424462,0,0.0,34.613175285729675,False,0.61566162109375,0.13934326171875,0.14404296875,0.1009521484375,0.28338623046875,train/20190822074237_20190822074521_01024_22272.npz
20190822074237_20190822074521_01024_23040,train,20190822074237_20190822074521,598016.8611554605,5749344.959424462,598144.8611554605,5749472.959424462,0,0.0,34.613175285729675,False,0.5452880859375,0.2213134765625,0.10986328125,0.12353515625,0.3311767578125,train/20190822074237_20190822074521_01024_23040.npz
20190822074237_20190822074521_01024_23296,train,20190822074237_20190822074521,598080.8611554605,5749344.959424462,598208.8611554605,5749472.959424462,0,0.0,34.613175285729675,False,0.84014892578125,0.0775146484375,0.0421142578125,0.04022216796875,0.11962890625,train/20190822074237_20190822074521_01024_23296.npz
20190822074237_20190822074521_01024_31744,train,20190822074237_20190822074521,600192.8611554605,5749344.959424462,600320.8611554605,5749472.959424462,0,0.0,34.613175285729675,False,0.4691162109375,0.2322998046875,0.10662841796875,0.19195556640625,0.33892822265625,train/20190822074237_20190822074521_01024_31744.npz
20190822074237_20190822074521_01024_32000,train,20190822074237_20190822074521,600256.8611554605,5749344.959424462,600384.8611554605,5749472.959424462,0,0.0,34.613175285729675,False,0.71807861328125,0.11236572265625,0.0819091796875,0.087646484375,0.19427490234375,train/20190822074237_20190822074521_01024_32000.npz
20190822074237_20190822074521_01024_32256,train,20190822074237_20190822074521,600320.8611554605,5749344.959424462,600448.8611554605,5749472.959424462,0,0.0,34.613175285729675,False,0.8795166015625,0.05859375,0.03948974609375,0.02239990234375,0.09808349609375,train/20190822074237_20190822074521_01024_32256.npz
20190822074237_20190822074521_01024_32512,train,20190822074237_20190822074521,600384.8611554605,5749344.959424462,600512.8611554605,5749472.959424462,0,0.0,34.613175285729675,False,0.7769775390625,0.11090087890625,0.0748291015625,0.03729248046875,0.18572998046875,train/20190822074237_20190822074521_01024_32512.npz
20190822074237_20190822074521_01024_32768,train,20190822074237_20190822074521,600448.8611554605,5749344.959424462,600576.8611554605,5749472.959424462,0,0.0,34.613175285729675,False,0.6156005859375,0.19970703125,0.12554931640625,0.05914306640625,0.32525634765625,train/20190822074237_20190822074521_01024_32768.npz
20190822074237_20190822074521_01024_33024,train,20190822074237_20190822074521,600512.8611554605,5749344.959424462,600640.8611554605,5749472.959424462,0,0.0,34.613175285729675,False,0.5069580078125,0.25469970703125,0.15106201171875,0.0872802734375,0.40576171875,train/20190822074237_20190822074521_01024_33024.npz
20190822074237_20190822074521_01024_33280,train,20190822074237_20190822074521,600576.8611554605,5749344.959424462,600704.8611554605,5749472.959424462,0,0.0,34.613175285729675,False,0.48175048828125,0.266845703125,0.14495849609375,0.1064453125,0.41180419921875,train/20190822074237_20190822074521_01024_33280.npz
20190822074237_20190822074521_01024_33536,train,20190822074237_20190822074521,600640.8611554605,5749344.959424462,600768.8611554605,5749472.959424462,0,0.0,34.613175285729675,False,0.44500732421875,0.2989501953125,0.142333984375,0.11370849609375,0.4412841796875,train/20190822074237_20190822074521_01024_33536.npz
20190822074237_20190822074521_01024_33792,train,20190822074237_20190822074521,600704.8611554605,5749344.959424462,600832.8611554605,5749472.959424462,0,0.0,34.613175285729675,False,0.44598388671875,0.30999755859375,0.12005615234375,0.12396240234375,0.4300537109375,train/20190822074237_20190822074521_01024_33792.npz
20190822074237_20190822074521_01024_35328,val,20190822074237_20190822074521,601088.8611554605,5749344.959424462,601216.8611554605,5749472.959424462,0,0.0,34.613175285729675,False,0.58477783203125,0.2064208984375,0.11175537109375,0.0970458984375,0.31817626953125,val/20190822074237_20190822074521_01024_35328.npz
20190822074237_20190822074521_01024_39936,val,20190822074237_20190822074521,602240.8611554605,5749344.959424462,602368.8611554605,5749472.959424462,0,0.0,34.613175285729675,False,0.4595947265625,0.29736328125,0.14056396484375,0.10247802734375,0.43792724609375,val/20190822074237_20190822074521_01024_39936.npz
20190822074237_20190822074521_01024_40448,val,20190822074237_20190822074521,602368.8611554605,5749344.959424462,602496.8611554605,5749472.959424462,0,0.0,34.613175285729675,False,0.36627197265625,0.329345703125,0.149658203125,0.15472412109375,0.47900390625,val/20190822074237_20190822074521_01024_40448.npz
20190822074237_20190822074521_01024_43008,test,20190822074237_20190822074521,603008.8611554605,5749344.959424462,603136.8611554605,5749472.959424462,0,0.0,34.613175285729675,False,0.53826904296875,0.223388671875,0.1407470703125,0.09759521484375,0.3641357421875,test/20190822074237_20190822074521_01024_43008.npz
20190822074237_20190822074521_01280_00256,train,20190822074237_20190822074521,592320.8611554605,5749280.959424462,592448.8611554605,5749408.959424462,0,0.0,34.613175285729675,False,0.839599609375,0.06884765625,0.041748046875,0.0498046875,0.110595703125,train/20190822074237_20190822074521_01280_00256.npz
20190822074237_20190822074521_01280_02304,train,20190822074237_20190822074521,592832.8611554605,5749280.959424462,592960.8611554605,5749408.959424462,0,0.0,34.613175285729675,False,0.84967041015625,0.06658935546875,0.0498046875,0.033935546875,0.11639404296875,train/20190822074237_20190822074521_01280_02304.npz
20190822074237_20190822074521_01280_05888,train,20190822074237_20190822074521,593728.8611554605,5749280.959424462,593856.8611554605,5749408.959424462,0,0.0,34.613175285729675,False,0.81390380859375,0.09393310546875,0.04730224609375,0.04486083984375,0.1412353515625,train/20190822074237_20190822074521_01280_05888.npz
20190822074237_20190822074521_01280_06144,train,20190822074237_20190822074521,593792.8611554605,5749280.959424462,593920.8611554605,5749408.959424462,0,0.0,34.613175285729675,False,0.72552490234375,0.1466064453125,0.06939697265625,0.0584716796875,0.21600341796875,train/20190822074237_20190822074521_01280_06144.npz
20190822074237_20190822074521_01280_06400,train,20190822074237_20190822074521,593856.8611554605,5749280.959424462,593984.8611554605,5749408.959424462,0,0.0,34.613175285729675,False,0.63397216796875,0.19427490234375,0.0830078125,0.0887451171875,0.27728271484375,train/20190822074237_20190822074521_01280_06400.npz
20190822074237_20190822074521_01280_07168,train,20190822074237_20190822074521,594048.8611554605,5749280.959424462,594176.8611554605,5749408.959424462,0,0.0,34.613175285729675,False,0.69903564453125,0.1446533203125,0.07574462890625,0.08056640625,0.22039794921875,train/20190822074237_20190822074521_01280_07168.npz
20190822074237_20190822074521_01280_13312,train,20190822074237_20190822074521,595584.8611554605,5749280.959424462,595712.8611554605,5749408.959424462,0,0.0,34.613175285729675,False,0.6927490234375,0.15411376953125,0.10845947265625,0.044677734375,0.2625732421875,train/20190822074237_20190822074521_01280_13312.npz
20190822074237_20190822074521_01280_14080,train,20190822074237_20190822074521,595776.8611554605,5749280.959424462,595904.8611554605,5749408.959424462,0,0.0,34.613175285729675,False,0.69915771484375,0.16424560546875,0.099853515625,0.0367431640625,0.26409912109375,train/20190822074237_20190822074521_01280_14080.npz
20190822074237_20190822074521_01280_15616,train,20190822074237_20190822074521,596160.8611554605,5749280.959424462,596288.8611554605,5749408.959424462,0,0.0,34.613175285729675,False,0.71380615234375,0.14013671875,0.10430908203125,0.041748046875,0.24444580078125,train/20190822074237_20190822074521_01280_15616.npz
20190822074237_20190822074521_01280_15872,train,20190822074237_20190822074521,596224.8611554605,5749280.959424462,596352.8611554605,5749408.959424462,0,0.0,34.613175285729675,False,0.7449951171875,0.12542724609375,0.0946044921875,0.03497314453125,0.22003173828125,train/20190822074237_20190822074521_01280_15872.npz
20190822074237_20190822074521_01280_16128,train,20190822074237_20190822074521,596288.8611554605,5749280.959424462,596416.8611554605,5749408.959424462,0,0.0,34.613175285729675,False,0.69488525390625,0.1595458984375,0.08563232421875,0.0599365234375,0.24517822265625,train/20190822074237_20190822074521_01280_16128.npz
20190822074237_20190822074521_01280_16384,train,20190822074237_20190822074521,596352.8611554605,5749280.959424462,596480.8611554605,5749408.959424462,0,0.0,34.613175285729675,False,0.5819091796875,0.2154541015625,0.07305908203125,0.12957763671875,0.28851318359375,train/20190822074237_20190822074521_01280_16384.npz
20190822074237_20190822074521_01280_22016,train,20190822074237_20190822074521,597760.8611554605,5749280.959424462,597888.8611554605,5749408.959424462,0,0.0,34.613175285729675,False,0.5950927734375,0.1806640625,0.15435791015625,0.06988525390625,0.33502197265625,train/20190822074237_20190822074521_01280_22016.npz
20190822074237_20190822074521_01280_22272,train,20190822074237_20190822074521,597824.8611554605,5749280.959424462,597952.8611554605,5749408.959424462,0,0.0,34.613175285729675,False,0.62933349609375,0.15869140625,0.115966796875,0.09600830078125,0.274658203125,train/20190822074237_20190822074521_01280_22272.npz
20190822074237_20190822074521_01280_23040,train,20190822074237_20190822074521,598016.8611554605,5749280.959424462,598144.8611554605,5749408.959424462,0,0.0,34.613175285729675,False,0.521728515625,0.21002197265625,0.141357421875,0.12689208984375,0.35137939453125,train/20190822074237_20190822074521_01280_23040.npz
20190822074237_20190822074521_01280_23296,train,20190822074237_20190822074521,598080.8611554605,5749280.959424462,598208.8611554605,5749408.959424462,0,0.0,34.613175285729675,False,0.7586669921875,0.10992431640625,0.07318115234375,0.0582275390625,0.18310546875,train/20190822074237_20190822074521_01280_23296.npz
20190822074237_20190822074521_01280_32000,train,20190822074237_20190822074521,600256.8611554605,5749280.959424462,600384.8611554605,5749408.959424462,0,0.0,34.613175285729675,False,0.855712890625,0.06793212890625,0.0555419921875,0.02081298828125,0.12347412109375,train/20190822074237_20190822074521_01280_32000.npz
20190822074237_20190822074521_01280_32256,train,20190822074237_20190822074521,600320.8611554605,5749280.959424462,600448.8611554605,5749408.959424462,0,0.0,34.613175285729675,False,0.77984619140625,0.11444091796875,0.05609130859375,0.04962158203125,0.1705322265625,train/20190822074237_20190822074521_01280_32256.npz
20190822074237_20190822074521_01280_32512,train,20190822074237_20190822074521,600384.8611554605,5749280.959424462,600512.8611554605,5749408.959424462,0,0.0,34.613175285729675,False,0.6558837890625,0.17242431640625,0.092529296875,0.07916259765625,0.26495361328125,train/20190822074237_20190822074521_01280_32512.npz
20190822074237_20190822074521_01280_32768,train,20190822074237_20190822074521,600448.8611554605,5749280.959424462,600576.8611554605,5749408.959424462,0,0.0,34.613175285729675,False,0.62542724609375,0.1875,0.107177734375,0.07989501953125,0.294677734375,train/20190822074237_20190822074521_01280_32768.npz
20190822074237_20190822074521_01280_33536,train,20190822074237_20190822074521,600640.8611554605,5749280.959424462,600768.8611554605,5749408.959424462,0,0.0,34.613175285729675,False,0.41461181640625,0.30755615234375,0.16082763671875,0.11700439453125,0.4683837890625,train/20190822074237_20190822074521_01280_33536.npz
20190822074237_20190822074521_01280_33792,train,20190822074237_20190822074521,600704.8611554605,5749280.959424462,600832.8611554605,5749408.959424462,0,0.0,34.613175285729675,False,0.45684814453125,0.29388427734375,0.129150390625,0.1201171875,0.42303466796875,train/20190822074237_20190822074521_01280_33792.npz
20190822074237_20190822074521_01536_03072,train,20190822074237_20190822074521,593024.8611554605,5749216.959424462,593152.8611554605,5749344.959424462,0,0.0,34.613175285729675,False,0.78643798828125,0.091552734375,0.04693603515625,0.0750732421875,0.13848876953125,train/20190822074237_20190822074521_01536_03072.npz
20190822074237_20190822074521_01536_03328,train,20190822074237_20190822074521,593088.8611554605,5749216.959424462,593216.8611554605,5749344.959424462,0,0.0,34.613175285729675,False,0.89422607421875,0.042724609375,0.02398681640625,0.0390625,0.06671142578125,train/20190822074237_20190822074521_01536_03328.npz
20190822074237_20190822074521_01536_05120,train,20190822074237_20190822074521,593536.8611554605,5749216.959424462,593664.8611554605,5749344.959424462,0,0.0,34.613175285729675,False,0.89813232421875,0.04327392578125,0.04132080078125,0.01727294921875,0.0845947265625,train/20190822074237_20190822074521_01536_05120.npz
20190822074237_20190822074521_01536_05888,train,20190822074237_20190822074521,593728.8611554605,5749216.959424462,593856.8611554605,5749344.959424462,0,0.0,34.613175285729675,False,0.826171875,0.07745361328125,0.0572509765625,0.03912353515625,0.13470458984375,train/20190822074237_20190822074521_01536_05888.npz
20190822074237_20190822074521_01536_06144,train,20190822074237_20190822074521,593792.8611554605,5749216.959424462,593920.8611554605,5749344.959424462,0,0.0,34.613175285729675,False,0.8353271484375,0.06884765625,0.05596923828125,0.03985595703125,0.12481689453125,train/20190822074237_20190822074521_01536_06144.npz
20190822074237_20190822074521_01536_06400,train,20190822074237_20190822074521,593856.8611554605,5749216.959424462,593984.8611554605,5749344.959424462,0,0.0,34.613175285729675,False,0.68988037109375,0.1297607421875,0.08807373046875,0.09228515625,0.21783447265625,train/20190822074237_20190822074521_01536_06400.npz
20190822074237_20190822074521_01536_07168,train,20190822074237_20190822074521,594048.8611554605,5749216.959424462,594176.8611554605,5749344.959424462,0,0.0,34.613175285729675,False,0.61700439453125,0.1707763671875,0.10198974609375,0.1102294921875,0.27276611328125,train/20190822074237_20190822074521_01536_07168.npz
20190822074237_20190822074521_01536_07936,train,20190822074237_20190822074521,594240.8611554605,5749216.959424462,594368.8611554605,5749344.959424462,0,0.0,34.613175285729675,False,0.744873046875,0.10565185546875,0.07598876953125,0.073486328125,0.181640625,train/20190822074237_20190822074521_01536_07936.npz
20190822074237_20190822074521_01536_08192,train,20190822074237_20190822074521,594304.8611554605,5749216.959424462,594432.8611554605,5749344.959424462,0,0.0,34.613175285729675,False,0.724365234375,0.12542724609375,0.06304931640625,0.087158203125,0.1884765625,train/20190822074237_20190822074521_01536_08192.npz
20190822074237_20190822074521_01536_08448,train,20190822074237_20190822074521,594368.8611554605,5749216.959424462,594496.8611554605,5749344.959424462,0,0.0,34.613175285729675,False,0.74749755859375,0.11810302734375,0.034912109375,0.0994873046875,0.15301513671875,train/20190822074237_20190822074521_01536_08448.npz
20190822074237_20190822074521_01536_13312,train,20190822074237_20190822074521,595584.8611554605,5749216.959424462,595712.8611554605,5749344.959424462,0,0.0,34.613175285729675,False,0.67633056640625,0.16790771484375,0.10382080078125,0.05194091796875,0.271728515625,train/20190822074237_20190822074521_01536_13312.npz
20190822074237_20190822074521_01536_15616,train,20190822074237_20190822074521,596160.8611554605,5749216.959424462,596288.8611554605,5749344.959424462,0,0.0,34.613175285729675,False,0.72772216796875,0.13397216796875,0.0819091796875,0.056396484375,0.21588134765625,train/20190822074237_20190822074521_01536_15616.npz
20190822074237_20190822074521_01536_15872,train,20190822074237_20190822074521,596224.8611554605,5749216.959424462,596352.8611554605,5749344.959424462,0,0.0,34.613175285729675,False,0.69512939453125,0.1544189453125,0.08697509765625,0.0634765625,0.24139404296875,train/20190822074237_20190822074521_01536_15872.npz
20190822074237_20190822074521_01536_16128,train,20190822074237_20190822074521,596288.8611554605,5749216.959424462,596416.8611554605,5749344.959424462,0,0.0,34.613175285729675,False,0.60302734375,0.21258544921875,0.0828857421875,0.10150146484375,0.29547119140625,train/20190822074237_20190822074521_01536_16128.npz
20190822074237_20190822074521_01536_16384,train,20190822074237_20190822074521,596352.8611554605,5749216.959424462,596480.8611554605,5749344.959424462,0,0.0,34.613175285729675,False,0.35247802734375,0.32550048828125,0.111328125,0.210693359375,0.43682861328125,train/20190822074237_20190822074521_01536_16384.npz
20190822074237_20190822074521_01536_21760,train,20190822074237_20190822074521,597696.8611554605,5749216.959424462,597824.8611554605,5749344.959424462,0,0.0,34.613175285729675,False,0.79559326171875,0.09747314453125,0.08282470703125,0.02410888671875,0.1802978515625,train/20190822074237_20190822074521_01536_21760.npz
20190822074237_20190822074521_01536_22016,train,20190822074237_20190822074521,597760.8611554605,5749216.959424462,597888.8611554605,5749344.959424462,0,0.0,34.613175285729675,False,0.7615966796875,0.11236572265625,0.09735107421875,0.0286865234375,0.209716796875,train/20190822074237_20190822074521_01536_22016.npz
20190822074237_20190822074521_01536_22272,train,20190822074237_20190822074521,597824.8611554605,5749216.959424462,597952.8611554605,5749344.959424462,0,0.0,34.613175285729675,False,0.75921630859375,0.1141357421875,0.096435546875,0.03021240234375,0.2105712890625,train/20190822074237_20190822074521_01536_22272.npz
20190822074237_20190822074521_01536_23040,train,20190822074237_20190822074521,598016.8611554605,5749216.959424462,598144.8611554605,5749344.959424462,0,0.0,34.613175285729675,False,0.6534423828125,0.15740966796875,0.12432861328125,0.0648193359375,0.28173828125,train/20190822074237_20190822074521_01536_23040.npz
20190822074237_20190822074521_01536_23296,train,20190822074237_20190822074521,598080.8611554605,5749216.959424462,598208.8611554605,5749344.959424462,0,0.0,34.613175285729675,False,0.74554443359375,0.11456298828125,0.08746337890625,0.05242919921875,0.2020263671875,train/20190822074237_20190822074521_01536_23296.npz
20190822074237_20190822074521_01536_32000,train,20190822074237_20190822074521,600256.8611554605,5749216.959424462,600384.8611554605,5749344.959424462,0,0.0,34.613175285729675,False,0.80694580078125,0.08685302734375,0.0439453125,0.062255859375,0.13079833984375,train/20190822074237_20190822074521_01536_32000.npz
20190822074237_20190822074521_01536_33536,train,20190822074237_20190822074521,600640.8611554605,5749216.959424462,600768.8611554605,5749344.959424462,0,0.0,34.613175285729675,False,0.48077392578125,0.25927734375,0.15740966796875,0.1025390625,0.41668701171875,train/20190822074237_20190822074521_01536_33536.npz
20190822074237_20190822074521_01792_03072,train,20190822074237_20190822074521,593024.8611554605,5749152.959424462,593152.8611554605,5749280.959424462,0,0.0,34.613175285729675,False,0.660400390625,0.1561279296875,0.10009765625,0.0833740234375,0.2562255859375,train/20190822074237_20190822074521_01792_03072.npz
20190822074237_20190822074521_01792_03328,train,20190822074237_20190822074521,593088.8611554605,5749152.959424462,593216.8611554605,5749280.959424462,0,0.0,34.613175285729675,False,0.79052734375,0.08892822265625,0.05792236328125,0.0626220703125,0.1468505859375,train/20190822074237_20190822074521_01792_03328.npz
20190822074237_20190822074521_01792_04864,train,20190822074237_20190822074521,593472.8611554605,5749152.959424462,593600.8611554605,5749280.959424462,0,0.0,34.613175285729675,False,0.9344482421875,0.03167724609375,0.029052734375,0.00482177734375,0.06072998046875,train/20190822074237_20190822074521_01792_04864.npz
20190822074237_20190822074521_01792_05120,train,20190822074237_20190822074521,593536.8611554605,5749152.959424462,593664.8611554605,5749280.959424462,0,0.0,34.613175285729675,False,0.90228271484375,0.04425048828125,0.04010009765625,0.01336669921875,0.0843505859375,train/20190822074237_20190822074521_01792_05120.npz
20190822074237_20190822074521_01792_05376,train,20190822074237_20190822074521,593600.8611554605,5749152.959424462,593728.8611554605,5749280.959424462,0,0.0,34.613175285729675,False,0.88226318359375,0.05145263671875,0.0467529296875,0.01953125,0.09820556640625,train/20190822074237_20190822074521_01792_05376.npz
20190822074237_20190822074521_01792_05632,train,20190822074237_20190822074521,593664.8611554605,5749152.959424462,593792.8611554605,5749280.959424462,0,0.0,34.613175285729675,False,0.82305908203125,0.07708740234375,0.06982421875,0.030029296875,0.14691162109375,train/20190822074237_20190822074521_01792_05632.npz
20190822074237_20190822074521_01792_05888,train,20190822074237_20190822074521,593728.8611554605,5749152.959424462,593856.8611554605,5749280.959424462,0,0.0,34.613175285729675,False,0.731201171875,0.11688232421875,0.097900390625,0.05401611328125,0.21478271484375,train/20190822074237_20190822074521_01792_05888.npz
20190822074237_20190822074521_01792_06144,train,20190822074237_20190822074521,593792.8611554605,5749152.959424462,593920.8611554605,5749280.959424462,0,0.0,34.613175285729675,False,0.73162841796875,0.1234130859375,0.08233642578125,0.0626220703125,0.20574951171875,train/20190822074237_20190822074521_01792_06144.npz
20190822074237_20190822074521_01792_06400,train,20190822074237_20190822074521,593856.8611554605,5749152.959424462,593984.8611554605,5749280.959424462,0,0.0,34.613175285729675,False,0.578369140625,0.2008056640625,0.0828857421875,0.137939453125,0.28369140625,train/20190822074237_20190822074521_01792_06400.npz
20190822074237_20190822074521_01792_07168,train,20190822074237_20190822074521,594048.8611554605,5749152.959424462,594176.8611554605,5749280.959424462,0,0.0,34.613175285729675,False,0.479736328125,0.23199462890625,0.0970458984375,0.19122314453125,0.32904052734375,train/20190822074237_20190822074521_01792_07168.npz
20190822074237_20190822074521_01792_07424,train,20190822074237_20190822074521,594112.8611554605,5749152.959424462,594240.8611554605,5749280.959424462,0,0.0,34.613175285729675,False,0.5811767578125,0.1998291015625,0.08203125,0.136962890625,0.2818603515625,train/20190822074237_20190822074521_01792_07424.npz
20190822074237_20190822074521_01792_07680,train,20190822074237_20190822074521,594176.8611554605,5749152.959424462,594304.8611554605,5749280.959424462,0,0.0,34.613175285729675,False,0.78814697265625,0.09759521484375,0.05328369140625,0.06097412109375,0.15087890625,train/20190822074237_20190822074521_01792_07680.npz
20190822074237_20190822074521_01792_07936,train,20190822074237_20190822074521,594240.8611554605,5749152.959424462,594368.8611554605,5749280.959424462,0,0.0,34.613175285729675,False,0.7679443359375,0.09246826171875,0.06683349609375,0.07275390625,0.1593017578125,train/20190822074237_20190822074521_01792_07936.npz
20190822074237_20190822074521_01792_08192,train,20190822074237_20190822074521,594304.8611554605,5749152.959424462,594432.8611554605,5749280.959424462,0,0.0,34.613175285729675,False,0.6697998046875,0.1566162109375,0.08782958984375,0.08575439453125,0.24444580078125,train/20190822074237_20190822074521_01792_08192.npz
20190822074237_20190822074521_01792_08448,train,20190822074237_20190822074521,594368.8611554605,5749152.959424462,594496.8611554605,5749280.959424462,0,0.0,34.613175285729675,False,0.5672607421875,0.20947265625,0.09423828125,0.1290283203125,0.3037109375,train/20190822074237_20190822074521_01792_08448.npz
20190822074237_20190822074521_01792_08704,train,20190822074237_20190822074521,594432.8611554605,5749152.959424462,594560.8611554605,5749280.959424462,0,0.0,34.613175285729675,False,0.5667724609375,0.203857421875,0.0919189453125,0.137451171875,0.2957763671875,train/20190822074237_20190822074521_01792_08704.npz
20190822074237_20190822074521_01792_08960,train,20190822074237_20190822074521,594496.8611554605,5749152.959424462,594624.8611554605,5749280.959424462,0,0.0,34.613175285729675,False,0.7393798828125,0.125,0.07244873046875,0.06317138671875,0.19744873046875,train/20190822074237_20190822074521_01792_08960.npz
20190822074237_20190822074521_01792_09216,train,20190822074237_20190822074521,594560.8611554605,5749152.959424462,594688.8611554605,5749280.959424462,0,0.0,34.613175285729675,False,0.79278564453125,0.09765625,0.06866455078125,0.0408935546875,0.16632080078125,train/20190822074237_20190822074521_01792_09216.npz
20190822074237_20190822074521_01792_09472,train,20190822074237_20190822074521,594624.8611554605,5749152.959424462,594752.8611554605,5749280.959424462,0,0.0,34.613175285729675,False,0.79949951171875,0.09271240234375,0.054931640625,0.0528564453125,0.14764404296875,train/20190822074237_20190822074521_01792_09472.npz
20190822074237_20190822074521_01792_15616,train,20190822074237_20190822074521,596160.8611554605,5749152.959424462,596288.8611554605,5749280.959424462,0,0.0,34.613175285729675,False,0.5042724609375,0.247802734375,0.12567138671875,0.12225341796875,0.37347412109375,train/20190822074237_20190822074521_01792_15616.npz
20190822074237_20190822074521_01792_15872,train,20190822074237_20190822074521,596224.8611554605,5749152.959424462,596352.8611554605,5749280.959424462,0,0.0,34.613175285729675,False,0.48974609375,0.23394775390625,0.130615234375,0.14569091796875,0.36456298828125,train/20190822074237_20190822074521_01792_15872.npz
20190822074237_20190822074521_01792_16128,train,20190822074237_20190822074521,596288.8611554605,5749152.959424462,596416.8611554605,5749280.959424462,0,0.0,34.613175285729675,False,0.46063232421875,0.2481689453125,0.11883544921875,0.17236328125,0.36700439453125,train/20190822074237_20190822074521_01792_16128.npz
20190822074237_20190822074521_01792_16384,train,20190822074237_20190822074521,596352.8611554605,5749152.959424462,596480.8611554605,5749280.959424462,0,0.0,34.613175285729675,False,0.36163330078125,0.31732177734375,0.123779296875,0.197265625,0.44110107421875,train/20190822074237_20190822074521_01792_16384.npz
20190822074237_20190822074521_01792_23040,train,20190822074237_20190822074521,598016.8611554605,5749152.959424462,598144.8611554605,5749280.959424462,0,0.0,34.613175285729675,False,0.9046630859375,0.0479736328125,0.03997802734375,0.00738525390625,0.08795166015625,train/20190822074237_20190822074521_01792_23040.npz
20190822074237_20190822074521_01792_23808,train,20190822074237_20190822074521,598208.8611554605,5749152.959424462,598336.8611554605,5749280.959424462,0,0.0,34.613175285729675,False,0.8121337890625,0.05145263671875,0.1025390625,0.03387451171875,0.15399169921875,train/20190822074237_20190822074521_01792_23808.npz
20190822074237_20190822074521_01792_24064,train,20190822074237_20190822074521,598272.8611554605,5749152.959424462,598400.8611554605,5749280.959424462,0,0.0,34.613175285729675,False,0.8226318359375,0.05462646484375,0.11187744140625,0.0108642578125,0.16650390625,train/20190822074237_20190822074521_01792_24064.npz
20190822074237_20190822074521_01792_32000,train,20190822074237_20190822074521,600256.8611554605,5749152.959424462,600384.8611554605,5749280.959424462,0,0.0,34.613175285729675,False,0.72900390625,0.12396240234375,0.0582275390625,0.08880615234375,0.18218994140625,train/20190822074237_20190822074521_01792_32000.npz
20190822074237_20190822074521_02048_02304,train,20190822074237_20190822074521,592832.8611554605,5749088.959424462,592960.8611554605,5749216.959424462,0,0.0,34.613175285729675,False,0.6041259765625,0.18707275390625,0.1090087890625,0.09979248046875,0.29608154296875,train/20190822074237_20190822074521_02048_02304.npz
20190822074237_20190822074521_02048_03072,train,20190822074237_20190822074521,593024.8611554605,5749088.959424462,593152.8611554605,5749216.959424462,0,0.0,34.613175285729675,False,0.5849609375,0.20684814453125,0.10498046875,0.10321044921875,0.31182861328125,train/20190822074237_20190822074521_02048_03072.npz
20190822074237_20190822074521_02048_03328,train,20190822074237_20190822074521,593088.8611554605,5749088.959424462,593216.8611554605,5749216.959424462,0,0.0,34.613175285729675,False,0.67474365234375,0.1561279296875,0.09014892578125,0.0789794921875,0.24627685546875,train/20190822074237_20190822074521_02048_03328.npz
20190822074237_20190822074521_02048_03584,train,20190822074237_20190822074521,593152.8611554605,5749088.959424462,593280.8611554605,5749216.959424462,0,0.0,34.613175285729675,False,0.7896728515625,0.0931396484375,0.06573486328125,0.05145263671875,0.15887451171875,train/20190822074237_20190822074521_02048_03584.npz
20190822074237_20190822074521_02048_03840,train,20190822074237_20190822074521,593216.8611554605,5749088.959424462,593344.8611554605,5749216.959424462,0,0.0,34.613175285729675,False,0.7850341796875,0.090576171875,0.07415771484375,0.05023193359375,0.16473388671875,train/20190822074237_20190822074521_02048_03840.npz
20190822074237_20190822074521_02048_04096,train,20190822074237_20190822074521,593280.8611554605,5749088.959424462,593408.8611554605,5749216.959424462,0,0.0,34.613175285729675,False,0.81744384765625,0.08929443359375,0.048828125,0.04443359375,0.13812255859375,train/20190822074237_20190822074521_02048_04096.npz
20190822074237_20190822074521_02048_04352,train,20190822074237_20190822074521,593344.8611554605,5749088.959424462,593472.8611554605,5749216.959424462,0,0.0,34.613175285729675,False,0.83428955078125,0.09417724609375,0.029541015625,0.0419921875,0.12371826171875,train/20190822074237_20190822074521_02048_04352.npz
20190822074237_20190822074521_02048_04608,train,20190822074237_20190822074521,593408.8611554605,5749088.959424462,593536.8611554605,5749216.959424462,0,0.0,34.613175285729675,False,0.88592529296875,0.05731201171875,0.034423828125,0.0223388671875,0.09173583984375,train/20190822074237_20190822074521_02048_04608.npz
20190822074237_20190822074521_02048_04864,train,20190822074237_20190822074521,593472.8611554605,5749088.959424462,593600.8611554605,5749216.959424462,0,0.0,34.613175285729675,False,0.94580078125,0.0223388671875,0.0301513671875,0.001708984375,0.052490234375,train/20190822074237_20190822074521_02048_04864.npz
20190822074237_20190822074521_02048_05120,train,20190822074237_20190822074521,593536.8611554605,5749088.959424462,593664.8611554605,5749216.959424462,0,0.0,34.613175285729675,False,0.923095703125,0.0355224609375,0.0364990234375,0.0048828125,0.072021484375,train/20190822074237_20190822074521_02048_05120.npz
20190822074237_20190822074521_02048_05376,train,20190822074237_20190822074521,593600.8611554605,5749088.959424462,593728.8611554605,5749216.959424462,0,0.0,34.613175285729675,False,0.8675537109375,0.07470703125,0.033447265625,0.0242919921875,0.108154296875,train/20190822074237_20190822074521_02048_05376.npz
20190822074237_20190822074521_02048_05632,train,20190822074237_20190822074521,593664.8611554605,5749088.959424462,593792.8611554605,5749216.959424462,0,0.0,34.613175285729675,False,0.76971435546875,0.12091064453125,0.06085205078125,0.04852294921875,0.1817626953125,train/20190822074237_20190822074521_02048_05632.npz
20190822074237_20190822074521_02048_05888,train,20190822074237_20190822074521,593728.8611554605,5749088.959424462,593856.8611554605,5749216.959424462,0,0.0,34.613175285729675,False,0.6263427734375,0.17919921875,0.10162353515625,0.09283447265625,0.28082275390625,train/20190822074237_20190822074521_02048_05888.npz
20190822074237_20190822074521_02048_06144,train,20190822074237_20190822074521,593792.8611554605,5749088.959424462,593920.8611554605,5749216.959424462,0,0.0,34.613175285729675,False,0.628662109375,0.18695068359375,0.08905029296875,0.0953369140625,0.2760009765625,train/20190822074237_20190822074521_02048_06144.npz
20190822074237_20190822074521_02048_06400,train,20190822074237_20190822074521,593856.8611554605,5749088.959424462,593984.8611554605,5749216.959424462,0,0.0,34.613175285729675,False,0.51116943359375,0.23541259765625,0.08477783203125,0.16864013671875,0.3201904296875,train/20190822074237_20190822074521_02048_06400.npz
20190822074237_20190822074521_02048_07168,train,20190822074237_20190822074521,594048.8611554605,5749088.959424462,594176.8611554605,5749216.959424462,0,0.0,34.613175285729675,False,0.404052734375,0.3052978515625,0.12396240234375,0.16668701171875,0.42926025390625,train/20190822074237_20190822074521_02048_07168.npz
20190822074237_20190822074521_02048_07424,train,20190822074237_20190822074521,594112.8611554605,5749088.959424462,594240.8611554605,5749216.959424462,0,0.0,34.613175285729675,False,0.444091796875,0.3037109375,0.13018798828125,0.12200927734375,0.43389892578125,train/20190822074237_20190822074521_02048_07424.npz
20190822074237_20190822074521_02048_07680,train,20190822074237_20190822074521,594176.8611554605,5749088.959424462,594304.8611554605,5749216.959424462,0,0.0,34.613175285729675,False,0.701904296875,0.14642333984375,0.0889892578125,0.06268310546875,0.23541259765625,train/20190822074237_20190822074521_02048_07680.npz
20190822074237_20190822074521_02048_07936,train,20190822074237_20190822074521,594240.8611554605,5749088.959424462,594368.8611554605,5749216.959424462,0,0.0,34.613175285729675,False,0.79022216796875,0.09332275390625,0.06085205078125,0.05560302734375,0.1541748046875,train/20190822074237_20190822074521_02048_07936.npz
20190822074237_20190822074521_02048_08192,train,20190822074237_20190822074521,594304.8611554605,5749088.959424462,594432.8611554605,5749216.959424462,0,0.0,34.613175285729675,False,0.75469970703125,0.11248779296875,0.08123779296875,0.05157470703125,0.1937255859375,train/20190822074237_20190822074521_02048_08192.npz
20190822074237_20190822074521_02048_08448,train,20190822074237_20190822074521,594368.8611554605,5749088.959424462,594496.8611554605,5749216.959424462,0,0.0,34.613175285729675,False,0.63934326171875,0.15838623046875,0.114013671875,0.0882568359375,0.27239990234375,train/20190822074237_20190822074521_02048_08448.npz
20190822074237_20190822074521_02048_08704,train,20190822074237_20190822074521,594432.8611554605,5749088.959424462,594560.8611554605,5749216.959424462,0,0.0,34.613175285729675,False,0.57257080078125,0.1971435546875,0.12164306640625,0.108642578125,0.31878662109375,train/20190822074237_20190822074521_02048_08704.npz
20190822074237_20190822074521_02048_08960,train,20190822074237_20190822074521,594496.8611554605,5749088.959424462,594624.8611554605,5749216.959424462,0,0.0,34.613175285729675,False,0.80267333984375,0.09686279296875,0.0595703125,0.0408935546875,0.15643310546875,train/20190822074237_20190822074521_02048_08960.npz
20190822074237_20190822074521_02048_09216,train,20190822074237_20190822074521,594560.8611554605,5749088.959424462,594688.8611554605,5749216.959424462,0,0.0,34.613175285729675,False,0.88037109375,0.04815673828125,0.0374755859375,0.03399658203125,0.08563232421875,train/20190822074237_20190822074521_02048_09216.npz
20190822074237_20190822074521_02048_09472,train,20190822074237_20190822074521,594624.8611554605,5749088.959424462,594752.8611554605,5749216.959424462,0,0.0,34.613175285729675,False,0.82159423828125,0.072509765625,0.05267333984375,0.05322265625,0.12518310546875,train/20190822074237_20190822074521_02048_09472.npz
20190822074237_20190822074521_02048_09728,train,20190822074237_20190822074521,594688.8611554605,5749088.959424462,594816.8611554605,5749216.959424462,0,0.0,34.613175285729675,False,0.86273193359375,0.0587158203125,0.038330078125,0.04022216796875,0.0970458984375,train/20190822074237_20190822074521_02048_09728.npz
20190822074237_20190822074521_02048_15616,train,20190822074237_20190822074521,596160.8611554605,5749088.959424462,596288.8611554605,5749216.959424462,0,0.0,34.613175285729675,False,0.517578125,0.233154296875,0.1649169921875,0.0843505859375,0.3980712890625,train/20190822074237_20190822074521_02048_15616.npz
20190822074237_20190822074521_02048_15872,train,20190822074237_20190822074521,596224.8611554605,5749088.959424462,596352.8611554605,5749216.959424462,0,0.0,34.613175285729675,False,0.496337890625,0.22802734375,0.16925048828125,0.10638427734375,0.39727783203125,train/20190822074237_20190822074521_02048_15872.npz
20190822074237_20190822074521_02048_16128,train,20190822074237_20190822074521,596288.8611554605,5749088.959424462,596416.8611554605,5749216.959424462,0,0.0,34.613175285729675,False,0.4835205078125,0.2374267578125,0.17205810546875,0.10699462890625,0.40948486328125,train/20190822074237_20190822074521_02048_16128.npz
20190822074237_20190822074521_02048_16384,train,20190822074237_20190822074521,596352.8611554605,5749088.959424462,596480.8611554605,5749216.959424462,0,0.0,34.613175285729675,False,0.5390625,0.2279052734375,0.1417236328125,0.09130859375,0.36962890625,train/20190822074237_20190822074521_02048_16384.npz
20190822074237_20190822074521_02048_23808,train,20190822074237_20190822074521,598208.8611554605,5749088.959424462,598336.8611554605,5749216.959424462,0,0.0,34.613175285729675,False,0.8594970703125,0.0675048828125,0.03863525390625,0.03436279296875,0.10614013671875,train/20190822074237_20190822074521_02048_23808.npz
20190822074237_20190822074521_02048_24064,train,20190822074237_20190822074521,598272.8611554605,5749088.959424462,598400.8611554605,5749216.959424462,0,0.0,34.613175285729675,False,0.93463134765625,0.03076171875,0.02496337890625,0.0096435546875,0.05572509765625,train/20190822074237_20190822074521_02048_24064.npz
20190822074237_20190822074521_02048_24320,train,20190822074237_20190822074521,598336.8611554605,5749088.959424462,598464.8611554605,5749216.959424462,0,0.0,34.613175285729675,False,0.9150390625,0.04290771484375,0.034912109375,0.00714111328125,0.07781982421875,train/20190822074237_20190822074521_02048_24320.npz
20190822074237_20190822074521_02048_24576,train,20190822074237_20190822074521,598400.8611554605,5749088.959424462,598528.8611554605,5749216.959424462,0,0.0,34.613175285729675,False,0.8951416015625,0.0511474609375,0.04132080078125,0.01239013671875,0.09246826171875,train/20190822074237_20190822074521_02048_24576.npz
20190822074237_20190822074521_02048_40960,val,20190822074237_20190822074521,602496.8611554605,5749088.959424462,602624.8611554605,5749216.959424462,0,0.0,34.613175285729675,False,0.9761962890625,0.00860595703125,0.01165771484375,0.0035400390625,0.020263671875,val/20190822074237_20190822074521_02048_40960.npz
20190822074237_20190822074521_02304_02304,train,20190822074237_20190822074521,592832.8611554605,5749024.959424462,592960.8611554605,5749152.959424462,0,0.0,34.613175285729675,False,0.7254638671875,0.12652587890625,0.0665283203125,0.08148193359375,0.19305419921875,train/20190822074237_20190822074521_02304_02304.npz
20190822074237_20190822074521_02304_03072,train,20190822074237_20190822074521,593024.8611554605,5749024.959424462,593152.8611554605,5749152.959424462,0,0.0,34.613175285729675,False,0.597412109375,0.1978759765625,0.10369873046875,0.10101318359375,0.30157470703125,train/20190822074237_20190822074521_02304_03072.npz
20190822074237_20190822074521_02304_03328,train,20190822074237_20190822074521,593088.8611554605,5749024.959424462,593216.8611554605,5749152.959424462,0,0.0,34.613175285729675,False,0.6256103515625,0.1810302734375,0.11151123046875,0.08184814453125,0.29254150390625,train/20190822074237_20190822074521_02304_03328.npz
20190822074237_20190822074521_02304_03584,train,20190822074237_20190822074521,593152.8611554605,5749024.959424462,593280.8611554605,5749152.959424462,0,0.0,34.613175285729675,False,0.786376953125,0.0948486328125,0.07293701171875,0.04583740234375,0.16778564453125,train/20190822074237_20190822074521_02304_03584.npz
20190822074237_20190822074521_02304_03840,train,20190822074237_20190822074521,593216.8611554605,5749024.959424462,593344.8611554605,5749152.959424462,0,0.0,34.613175285729675,False,0.83050537109375,0.0703125,0.0535888671875,0.04559326171875,0.1239013671875,train/20190822074237_20190822074521_02304_03840.npz
20190822074237_20190822074521_02304_04096,train,20190822074237_20190822074521,593280.8611554605,5749024.959424462,593408.8611554605,5749152.959424462,0,0.0,34.613175285729675,False,0.77880859375,0.1060791015625,0.0611572265625,0.053955078125,0.167236328125,train/20190822074237_20190822074521_02304_04096.npz
20190822074237_20190822074521_02304_04352,train,20190822074237_20190822074521,593344.8611554605,5749024.959424462,593472.8611554605,5749152.959424462,0,0.0,34.613175285729675,False,0.64691162109375,0.17926025390625,0.0977783203125,0.0760498046875,0.27703857421875,train/20190822074237_20190822074521_02304_04352.npz
20190822074237_20190822074521_02304_04608,train,20190822074237_20190822074521,593408.8611554605,5749024.959424462,593536.8611554605,5749152.959424462,0,0.0,34.613175285729675,False,0.773193359375,0.11273193359375,0.06695556640625,0.047119140625,0.1796875,train/20190822074237_20190822074521_02304_04608.npz
20190822074237_20190822074521_02304_04864,train,20190822074237_20190822074521,593472.8611554605,5749024.959424462,593600.8611554605,5749152.959424462,0,0.0,34.613175285729675,False,0.94427490234375,0.02435302734375,0.0277099609375,0.003662109375,0.05206298828125,train/20190822074237_20190822074521_02304_04864.npz
20190822074237_20190822074521_02304_05632,train,20190822074237_20190822074521,593664.8611554605,5749024.959424462,593792.8611554605,5749152.959424462,0,0.0,34.613175285729675,False,0.72186279296875,0.1414794921875,0.0810546875,0.05560302734375,0.2225341796875,train/20190822074237_20190822074521_02304_05632.npz
20190822074237_20190822074521_02304_05888,train,20190822074237_20190822074521,593728.8611554605,5749024.959424462,593856.8611554605,5749152.959424462,0,0.0,34.613175285729675,False,0.66290283203125,0.18072509765625,0.083251953125,0.0731201171875,0.26397705078125,train/20190822074237_20190822074521_02304_05888.npz
20190822074237_20190822074521_02304_06144,train,20190822074237_20190822074521,593792.8611554605,5749024.959424462,593920.8611554605,5749152.959424462,0,0.0,34.613175285729675,False,0.61981201171875,0.211181640625,0.0760498046875,0.09295654296875,0.2872314453125,train/20190822074237_20190822074521_02304_06144.npz
20190822074237_20190822074521_02304_07168,train,20190822074237_20190822074521,594048.8611554605,5749024.959424462,594176.8611554605,5749152.959424462,0,0.0,34.613175285729675,False,0.46051025390625,0.2852783203125,0.12261962890625,0.131591796875,0.40789794921875,train/20190822074237_20190822074521_02304_07168.npz
20190822074237_20190822074521_02304_07424,train,20190822074237_20190822074521,594112.8611554605,5749024.959424462,594240.8611554605,5749152.959424462,0,0.0,34.613175285729675,False,0.51092529296875,0.26702880859375,0.12176513671875,0.10028076171875,0.3887939453125,train/20190822074237_20190822074521_02304_07424.npz
20190822074237_20190822074521_02304_07680,train,20190822074237_20190822074521,594176.8611554605,5749024.959424462,594304.8611554605,5749152.959424462,0,0.0,34.613175285729675,False,0.6964111328125,0.15496826171875,0.08807373046875,0.060546875,0.2430419921875,train/20190822074237_20190822074521_02304_07680.npz
20190822074237_20190822074521_02304_07936,train,20190822074237_20190822074521,594240.8611554605,5749024.959424462,594368.8611554605,5749152.959424462,0,0.0,34.613175285729675,False,0.7030029296875,0.1468505859375,0.0791015625,0.071044921875,0.2259521484375,train/20190822074237_20190822074521_02304_07936.npz
20190822074237_20190822074521_02304_08192,train,20190822074237_20190822074521,594304.8611554605,5749024.959424462,594432.8611554605,5749152.959424462,0,0.0,34.613175285729675,False,0.691162109375,0.14459228515625,0.08551025390625,0.0787353515625,0.2301025390625,train/20190822074237_20190822074521_02304_08192.npz
20190822074237_20190822074521_02304_08960,train,20190822074237_20190822074521,594496.8611554605,5749024.959424462,594624.8611554605,5749152.959424462,0,0.0,34.613175285729675,False,0.744140625,0.11944580078125,0.0732421875,0.06317138671875,0.19268798828125,train/20190822074237_20190822074521_02304_08960.npz
20190822074237_20190822074521_02304_09216,train,20190822074237_20190822074521,594560.8611554605,5749024.959424462,594688.8611554605,5749152.959424462,0,0.0,34.613175285729675,False,0.80712890625,0.08172607421875,0.06243896484375,0.0487060546875,0.1441650390625,train/20190822074237_20190822074521_02304_09216.npz
20190822074237_20190822074521_02304_09472,train,20190822074237_20190822074521,594624.8611554605,5749024.959424462,594752.8611554605,5749152.959424462,0,0.0,34.613175285729675,False,0.858154296875,0.0594482421875,0.052490234375,0.0299072265625,0.1119384765625,train/20190822074237_20190822074521_02304_09472.npz
20190822074237_20190822074521_02304_09728,train,20190822074237_20190822074521,594688.8611554605,5749024.959424462,594816.8611554605,5749152.959424462,0,0.0,34.613175285729675,False,0.91424560546875,0.04150390625,0.03564453125,0.00860595703125,0.0771484375,train/20190822074237_20190822074521_02304_09728.npz
20190822074237_20190822074521_02304_15872,train,20190822074237_20190822074521,596224.8611554605,5749024.959424462,596352.8611554605,5749152.959424462,0,0.0,34.613175285729675,False,0.7626953125,0.11114501953125,0.09295654296875,0.033203125,0.2041015625,train/20190822074237_20190822074521_02304_15872.npz
20190822074237_20190822074521_02304_16128,train,20190822074237_20190822074521,596288.8611554605,5749024.959424462,596416.8611554605,5749152.959424462,0,0.0,34.613175285729675,False,0.73095703125,0.13043212890625,0.114990234375,0.02362060546875,0.24542236328125,train/20190822074237_20190822074521_02304_16128.npz
20190822074237_20190822074521_02304_16384,train,20190822074237_20190822074521,596352.8611554605,5749024.959424462,596480.8611554605,5749152.959424462,0,0.0,34.613175285729675,False,0.70989990234375,0.1263427734375,0.13018798828125,0.0335693359375,0.25653076171875,train/20190822074237_20190822074521_02304_16384.npz
20190822074237_20190822074521_02304_16640,train,20190822074237_20190822074521,596416.8611554605,5749024.959424462,596544.8611554605,5749152.959424462,0,0.0,34.613175285729675,False,0.69903564453125,0.10723876953125,0.12384033203125,0.06988525390625,0.2310791015625,train/20190822074237_20190822074521_02304_16640.npz
20190822074237_20190822074521_02304_16896,train,20190822074237_20190822074521,596480.8611554605,5749024.959424462,596608.8611554605,5749152.959424462,0,0.0,34.613175285729675,False,0.71868896484375,0.0931396484375,0.099853515625,0.08831787109375,0.1929931640625,train/20190822074237_20190822074521_02304_16896.npz
20190822074237_20190822074521_02304_17152,train,20190822074237_20190822074521,596544.8611554605,5749024.959424462,596672.8611554605,5749152.959424462,0,0.0,34.613175285729675,False,0.6588134765625,0.14892578125,0.1119384765625,0.080322265625,0.2608642578125,train/20190822074237_20190822074521_02304_17152.npz
20190822074237_20190822074521_02304_19456,train,20190822074237_20190822074521,597120.8611554605,5749024.959424462,597248.8611554605,5749152.959424462,0,0.0,34.613175285729675,False,0.744384765625,0.131103515625,0.0986328125,0.02587890625,0.229736328125,train/20190822074237_20190822074521_02304_19456.npz
20190822074237_20190822074521_02304_23808,train,20190822074237_20190822074521,598208.8611554605,5749024.959424462,598336.8611554605,5749152.959424462,0,0.0,34.613175285729675,False,0.88751220703125,0.056396484375,0.04052734375,0.01556396484375,0.096923828125,train/20190822074237_20190822074521_02304_23808.npz
20190822074237_20190822074521_02304_24064,train,20190822074237_20190822074521,598272.8611554605,5749024.959424462,598400.8611554605,5749152.959424462,0,0.0,34.613175285729675,False,0.9771728515625,0.009521484375,0.0123291015625,0.0009765625,0.0218505859375,train/20190822074237_20190822074521_02304_24064.npz
20190822074237_20190822074521_02304_24320,train,20190822074237_20190822074521,598336.8611554605,5749024.959424462,598464.8611554605,5749152.959424462,0,0.0,34.613175285729675,False,0.96856689453125,0.0125732421875,0.01312255859375,0.0057373046875,0.02569580078125,train/20190822074237_20190822074521_02304_24320.npz
20190822074237_20190822074521_02304_24576,train,20190822074237_20190822074521,598400.8611554605,5749024.959424462,598528.8611554605,5749152.959424462,0,0.0,34.613175285729675,False,0.96697998046875,0.013671875,0.013916015625,0.00543212890625,0.027587890625,train/20190822074237_20190822074521_02304_24576.npz
